motor_front,motor_back,pitch_filter,pitch_raw
507, 493, -0.672427, -0.017019
509, 491, -0.669457, -0.017618
509, 491, -0.667701, -0.069310
507, 493, -0.662254, -0.180055
508, 492, -0.660116, -0.085239
507, 493, -0.655033, -0.134162
508, 492, -0.651631, -0.131216
506, 494, -0.643369, -0.181239
507, 493, -0.639032, -0.174227
507, 493, -0.634905, -0.130013
506, 494, -0.626100, -0.058887
506, 494, -0.617548, -0.072575
506, 494, -0.609545, -0.110672
506, 494, -0.603605, -0.284667
505, 495, -0.598801, -0.335653
505, 495, -0.595192, -0.321995
505, 495, -0.591926, -0.306271
505, 495, -0.585389, -0.266708
505, 495, -0.578913, -0.400375
506, 494, -0.578282, -0.283810
503, 497, -0.561092, -0.053479
505, 495, -0.565110, -0.891153
510, 490, -0.577423, -0.207069
494, 506, -0.542419, -0.807003
503, 497, -0.550084, -1.319016
500, 500, -0.518602, 0.156586
500, 500, -0.509920, -0.952294
499, 501, -0.475367, 0.206238
497, 503, -0.450426, -0.424563
494, 506, -0.420037, -0.674473
489, 511, -0.381465, -0.874352
482, 518, -0.312030, -0.557171
476, 524, -0.236664, -1.066802
473, 527, -0.171562, -1.738235
464, 536, -0.082391, -1.905044
458, 542, 0.039511, -1.221744
450, 550, 0.183512, -1.120450
442, 558, 0.344979, -1.043237
433, 567, 0.532923, -0.849871
427, 573, 0.733444, -0.672803
417, 583, 0.961299, -0.408607
410, 590, 1.204071, -0.166929
413, 587, 1.457406, 1.373625
418, 582, 1.765927, 5.898332
430, 570, 2.055985, 7.797399
439, 561, 2.317321, 8.625875
448, 552, 2.499634, 6.620643
449, 551, 2.624243, 4.495780
451, 549, 2.670486, 1.032408
450, 550, 2.700207, 0.207370
451, 549, 2.723473, 0.032020
452, 548, 2.751336, 0.533008
454, 546, 2.776633, 0.781133
455, 545, 2.806321, 1.292160
454, 546, 2.840207, 1.336501
451, 549, 2.879631, 1.192605
450, 550, 2.912641, 0.884503
448, 552, 2.959614, 1.323699
445, 555, 3.047587, 3.028625
444, 556, 3.159734, 4.356827
446, 554, 3.285717, 5.610629
445, 555, 3.423135, 6.455391
444, 556, 3.547321, 5.924934
440, 560, 3.663055, 5.249317
436, 564, 3.764848, 4.105239
432, 568, 3.865064, 3.579191
425, 575, 3.974994, 3.212428
421, 579, 4.089828, 3.069893
419, 581, 4.203403, 3.083769
416, 584, 4.331881, 3.507926
414, 586, 4.486398, 3.490558
411, 589, 4.665938, 3.543375
407, 593, 4.846213, 3.979061
406, 594, 5.030647, 4.393117
407, 593, 5.190080, 4.569054
404, 596, 5.358097, 5.162664
405, 595, 5.576438, 5.786922
404, 596, 5.761292, 6.178643
403, 597, 5.911840, 6.343668
402, 598, 6.062271, 6.482723
403, 597, 6.191739, 6.791429
403, 597, 6.344508, 7.992448
404, 596, 6.479190, 8.085502
406, 594, 6.591857, 7.873434
406, 594, 6.693887, 7.545157
405, 595, 6.785733, 7.140412
403, 597, 6.862614, 6.297287
403, 597, 6.931943, 6.158310
402, 598, 7.001876, 6.256980
402, 598, 7.071797, 6.421255
403, 597, 7.137333, 6.560583
404, 596, 7.205969, 7.007550
408, 592, 7.266903, 7.325904
411, 589, 7.324345, 7.727317
416, 584, 7.371027, 7.940979
417, 583, 7.409198, 7.863939
420, 580, 7.425842, 7.342197
422, 578, 7.430945, 7.038948
422, 578, 7.431301, 6.795855
422, 578, 7.429783, 6.723631
423, 577, 7.425580, 6.756471
423, 577, 7.428257, 7.077312
423, 577, 7.434855, 7.215093
422, 578, 7.444330, 7.258816
423, 577, 7.452201, 7.277045
421, 579, 7.466694, 7.358284
421, 579, 7.490655, 7.905339
420, 580, 7.518734, 8.135890
420, 580, 7.552313, 8.461657
422, 578, 7.589633, 8.849454
423, 577, 7.623463, 9.050341
424, 576, 7.649736, 9.006526
427, 573, 7.665733, 8.906858
429, 571, 7.670238, 8.745033
431, 569, 7.663361, 8.348502
433, 567, 7.641943, 8.006627
435, 565, 7.603454, 7.332240
437, 563, 7.552405, 6.876481
437, 563, 7.496490, 6.427242
438, 562, 7.433345, 6.216702
438, 562, 7.372410, 6.115209
436, 564, 7.315029, 5.952490
436, 564, 7.259983, 5.830077
435, 565, 7.208845, 5.832486
432, 568, 7.166485, 5.533670
429, 571, 7.125594, 5.164807
428, 572, 7.091349, 5.065323
423, 577, 7.081861, 5.486293
420, 580, 7.091678, 6.023480
416, 584, 7.119765, 6.565845
414, 586, 7.163430, 7.018294
410, 590, 7.224042, 7.440751
409, 591, 7.293817, 7.869929
407, 593, 7.365811, 7.896930
405, 595, 7.441159, 7.960698
403, 597, 7.518501, 8.082988
404, 596, 7.595898, 8.278104
403, 597, 7.670822, 8.289739
403, 597, 7.742501, 8.343039
404, 596, 7.810375, 8.464792
406, 594, 7.870017, 8.387940
407, 593, 7.920705, 8.230383
406, 594, 7.957277, 7.555451
409, 591, 7.980496, 7.246230
410, 590, 7.994275, 6.981068
412, 588, 7.997612, 6.732540
412, 588, 7.996777, 6.527883
411, 589, 7.996720, 6.420263
411, 589, 7.999563, 6.613828
410, 590, 8.006147, 6.842287
410, 590, 8.018350, 7.086122
409, 591, 8.039303, 7.394089
409, 591, 8.073327, 8.042671
409, 591, 8.107963, 8.264482
409, 591, 8.148429, 8.614038
409, 591, 8.192274, 8.891855
409, 591, 8.236209, 9.082911
410, 590, 8.281157, 9.253732
409, 591, 8.328140, 9.374687
409, 591, 8.373383, 9.433950
409, 591, 8.416088, 9.412969
410, 590, 8.451877, 9.236246
411, 589, 8.478970, 8.961954
411, 589, 8.498538, 8.692938
412, 588, 8.511885, 8.596968
412, 588, 8.519482, 8.340429
412, 588, 8.519752, 8.061520
413, 587, 8.516076, 7.908736
413, 587, 8.500497, 7.354454
415, 585, 8.479487, 7.253406
416, 584, 8.457091, 7.242945
416, 584, 8.429589, 7.222447
416, 584, 8.404813, 7.331203
418, 582, 8.385106, 7.657316
420, 580, 8.365845, 7.934894
420, 580, 8.351236, 8.121572
421, 579, 8.336276, 8.293446
423, 577, 8.324705, 8.634373
424, 576, 8.315085, 8.895777
426, 574, 8.304380, 9.178938
428, 572, 8.291395, 9.152363
428, 572, 8.278551, 9.163010
430, 570, 8.263312, 9.266091
430, 570, 8.247039, 9.309992
432, 568, 8.224378, 9.152254
432, 568, 8.199607, 9.006093
434, 566, 8.163838, 8.663747
431, 569, 8.128936, 8.288221
432, 568, 8.087134, 7.900123
432, 568, 8.033898, 7.170723
431, 569, 7.975690, 6.736996
431, 569, 7.913140, 6.384305
430, 570, 7.852450, 6.136962
430, 570, 7.793195, 5.967907
429, 571, 7.738871, 6.008682
429, 571, 7.692238, 6.255409
429, 571, 7.652542, 6.468276
429, 571, 7.616053, 6.572237
429, 571, 7.585671, 6.758986
429, 571, 7.564082, 7.183274
429, 571, 7.547857, 7.466331
429, 571, 7.535950, 7.662640
431, 569, 7.524117, 7.938902
432, 568, 7.518509, 8.267891
432, 568, 7.518222, 8.655758
433, 567, 7.518131, 8.683387
433, 567, 7.517828, 8.698008
434, 566, 7.511476, 8.600503
433, 567, 7.501166, 8.218021
431, 569, 7.462312, 6.390776
426, 574, 7.420679, 5.361447
422, 578, 7.380613, 4.573691
417, 583, 7.346658, 4.200545
412, 588, 7.330866, 4.314604
409, 591, 7.333866, 4.802750
406, 594, 7.368825, 5.899168
405, 595, 7.414046, 6.492472
405, 595, 7.468658, 6.953745
403, 597, 7.531810, 7.304759
404, 596, 7.597190, 7.646636
403, 597, 7.676897, 8.501123
404, 596, 7.756069, 8.826831
404, 596, 7.836967, 9.145907
405, 595, 7.917172, 9.396605
407, 593, 7.989289, 9.479650
408, 592, 8.048895, 9.191851
407, 593, 8.102177, 8.944762
408, 592, 8.146095, 8.689557
410, 590, 8.181801, 8.482951
407, 593, 8.211511, 8.050050
407, 593, 8.222972, 7.096517
405, 595, 8.230227, 6.670930
404, 596, 8.237908, 6.375709
401, 599, 8.250133, 6.154696
399, 601, 8.267904, 6.116468
395, 605, 8.299697, 6.220428
393, 607, 8.335923, 6.356793
392, 608, 8.382683, 6.702296
390, 610, 8.447177, 7.846785
389, 611, 8.523697, 8.349406
389, 611, 8.601506, 8.770508
390, 610, 8.685160, 9.244574
390, 610, 8.775244, 9.737323
389, 611, 8.869489, 10.160524
390, 610, 8.959584, 10.190193
389, 611, 9.042553, 9.933676
384, 616, 9.124185, 9.456171
378, 622, 9.207280, 8.846112
373, 627, 9.290575, 8.214272
369, 631, 9.380965, 8.161572
365, 635, 9.485599, 8.563251
361, 639, 9.607821, 9.251665
360, 640, 9.742469, 9.971389
358, 642, 9.891948, 10.709904
357, 643, 10.036301, 10.720660
358, 642, 10.161214, 10.211775
357, 643, 10.270566, 9.623059
356, 644, 10.372989, 9.356843
355, 645, 10.474130, 9.388748
356, 644, 10.570191, 9.527994
355, 645, 10.666286, 9.590648
354, 646, 10.760091, 9.625492
353, 647, 10.852860, 9.702997
353, 647, 10.944173, 9.792939
352, 648, 11.030063, 9.686192
349, 651, 11.121674, 9.771528
347, 653, 11.216372, 9.841611
346, 654, 11.312425, 9.951621
344, 656, 11.415606, 10.253309
341, 659, 11.550667, 11.696335
339, 661, 11.700727, 12.592940
339, 661, 11.860262, 13.301829
334, 666, 12.027905, 13.529600
333, 667, 12.189677, 13.175643
330, 670, 12.322905, 11.967969
329, 671, 12.451920, 11.799859
328, 672, 12.583015, 12.077053
326, 674, 12.718887, 12.577324
325, 675, 12.864049, 13.139399
324, 676, 13.004283, 13.128411
325, 675, 13.127962, 12.774981
323, 677, 13.246439, 12.386714
324, 676, 13.353530, 12.323285
326, 674, 13.459745, 12.874529
326, 674, 13.580932, 13.795171
324, 676, 13.699643, 13.659622
326, 674, 13.795190, 13.009927
322, 678, 13.890115, 12.685574
317, 683, 13.988700, 12.433484
319, 681, 14.099159, 13.468082
317, 683, 14.219865, 14.053675
310, 690, 14.342164, 13.435451
310, 690, 14.460475, 13.427297
308, 692, 14.594416, 14.241509
303, 697, 14.742449, 14.662492
303, 697, 14.885581, 14.652905
299, 701, 15.042368, 15.280602
298, 702, 15.207662, 15.901327
297, 703, 15.370283, 16.010172
296, 704, 15.528846, 16.069155
296, 704, 15.677864, 15.986739
297, 703, 15.817555, 16.124237
297, 703, 15.942756, 15.621229
295, 705, 16.055344, 15.035537
295, 705, 16.156721, 14.657572
294, 706, 16.279497, 15.753557
294, 706, 16.410633, 16.571262
292, 708, 16.549028, 16.972425
289, 711, 16.693995, 17.155685
285, 715, 16.848606, 17.532402
282, 718, 16.994061, 16.855747
275, 725, 17.150057, 16.911240
272, 728, 17.306475, 16.833540
272, 728, 17.457048, 16.908388
271, 729, 17.610672, 17.383934
270, 730, 17.757957, 17.194405
269, 731, 17.903149, 17.343885
269, 731, 18.050465, 17.717699
268, 732, 18.199730, 18.045670
270, 730, 18.337334, 18.116507
277, 723, 18.461451, 18.757694
285, 715, 18.548872, 18.400753
283, 717, 18.627995, 17.912521
280, 720, 18.712761, 18.017324
286, 714, 18.784618, 18.338123
289, 711, 18.836250, 17.906141
293, 707, 18.884146, 18.345081
296, 704, 18.922134, 18.576550
298, 702, 18.953207, 18.482855
296, 704, 19.001135, 19.171501
293, 707, 19.062244, 19.530163
289, 711, 19.139269, 19.891838
289, 711, 19.219620, 20.287949
289, 711, 19.293667, 20.097427
287, 713, 19.370567, 20.176556
287, 713, 19.443459, 20.168726
285, 715, 19.521578, 20.400888
283, 717, 19.601469, 20.371878
279, 721, 19.679956, 19.839016
277, 723, 19.759295, 19.754507
274, 726, 19.842148, 19.674456
271, 729, 19.922512, 19.397829
272, 728, 19.997478, 19.434862
273, 727, 20.056110, 19.003860
273, 727, 20.118872, 19.313971
272, 728, 20.193848, 19.797337
268, 732, 20.252375, 18.689405
269, 731, 20.324448, 19.692595
272, 728, 20.392738, 20.010567
275, 725, 20.434547, 19.306332
277, 723, 20.477209, 19.765896
275, 725, 20.544313, 20.914768
270, 730, 20.612829, 20.408533
265, 735, 20.703159, 20.889641
260, 740, 20.803234, 20.902044
259, 741, 20.887959, 20.195059
258, 742, 20.989735, 21.060602
255, 745, 21.084297, 20.608347
249, 751, 21.193382, 20.703220
243, 757, 21.335976, 21.803703
241, 759, 21.477940, 21.827324
241, 759, 21.600281, 21.258133
246, 754, 21.709032, 21.549253
248, 752, 21.797121, 20.961027
243, 757, 21.879900, 20.254642
242, 758, 21.957775, 20.076220
247, 753, 22.044451, 21.348541
250, 750, 22.108541, 20.993057
250, 750, 22.168947, 20.715647
245, 755, 22.248774, 21.279888
249, 751, 22.319988, 21.666941
252, 748, 22.387419, 21.950832
248, 752, 22.474384, 22.559706
243, 757, 22.577925, 22.917479
240, 760, 22.675100, 22.470551
241, 759, 22.765255, 22.377451
236, 764, 22.888218, 23.672829
233, 767, 23.024071, 24.156660
232, 768, 23.147875, 23.740799
230, 770, 23.270739, 23.639826
226, 774, 23.408821, 24.207806
225, 775, 23.533394, 23.711899
227, 773, 23.637129, 23.302492
227, 773, 23.732094, 23.073978
225, 775, 23.839970, 23.671627
229, 771, 23.933144, 23.798256
238, 762, 23.985403, 23.094027
236, 764, 24.031931, 22.769526
237, 763, 24.089205, 23.415798
245, 755, 24.124237, 23.692015
251, 749, 24.138868, 23.555655
245, 755, 24.170671, 23.592480
241, 759, 24.210115, 23.597019
246, 754, 24.235670, 23.706436
241, 759, 24.271908, 23.547642
234, 766, 24.327822, 23.695026
235, 765, 24.387621, 24.096708
238, 762, 24.467813, 25.646338
233, 767, 24.552711, 25.403883
228, 772, 24.644306, 25.154686
228, 772, 24.747601, 25.332867
227, 773, 24.863274, 25.710218
227, 773, 24.959303, 25.378925
222, 778, 25.068254, 24.725994
222, 778, 25.168943, 24.899038
219, 781, 25.269648, 24.623581
217, 783, 25.362532, 24.335161
219, 781, 25.442844, 24.781828
219, 781, 25.516579, 24.421871
223, 777, 25.591465, 24.361975
225, 775, 25.660673, 25.506084
228, 772, 25.707674, 25.617611
228, 772, 25.753403, 24.755791
222, 778, 25.793673, 24.471977
217, 783, 25.851728, 24.987240
222, 778, 25.906368, 25.689169
221, 779, 25.984800, 26.895948
214, 786, 26.078142, 26.865465
221, 779, 26.144812, 26.675850
220, 780, 26.204613, 26.449446
218, 782, 26.274036, 26.694546
221, 779, 26.326326, 26.441603
228, 772, 26.349434, 26.163935
230, 770, 26.362310, 25.924183
234, 766, 26.365698, 26.049934
243, 757, 26.341961, 26.075924
248, 752, 26.298452, 25.650181
250, 750, 26.240429, 25.282085
257, 743, 26.169069, 25.303835
264, 736, 26.084543, 25.581547
269, 731, 25.995649, 25.863987
270, 730, 25.899437, 25.303888
271, 729, 25.800739, 25.224195
274, 726, 25.714197, 26.126139
276, 724, 25.638083, 26.622355
278, 722, 25.560968, 26.632603
277, 723, 25.494949, 26.919180
275, 725, 25.450012, 27.596931
272, 728, 25.419441, 27.762314
274, 726, 25.371603, 27.061848
276, 724, 25.313219, 26.752577
276, 724, 25.259724, 26.769730
271, 729, 25.200499, 25.619661
270, 730, 25.146639, 25.584854
275, 725, 25.079468, 25.578609
282, 718, 24.986450, 25.034212
289, 711, 24.879717, 25.141953
294, 706, 24.759642, 24.921988
298, 702, 24.619793, 24.268517
301, 699, 24.475410, 24.092697
309, 691, 24.301949, 23.426420
319, 681, 24.090748, 22.385164
325, 675, 23.882685, 22.896299
330, 670, 23.668146, 22.742708
332, 668, 23.455494, 22.767822
333, 667, 23.266785, 23.485319
333, 667, 23.084215, 23.351351
333, 667, 22.897289, 22.665071
331, 669, 22.725744, 22.896101
330, 670, 22.573704, 23.174641
326, 674, 22.444700, 23.531717
324, 676, 22.321615, 23.161333
321, 679, 22.200878, 22.579426
322, 678, 22.082647, 22.499981
322, 678, 21.981674, 22.964384
322, 678, 21.888704, 23.225838
324, 676, 21.785414, 22.831446
328, 672, 21.653965, 21.737722
334, 666, 21.510475, 21.644939
342, 658, 21.349669, 21.537054
350, 650, 21.169788, 21.342390
357, 643, 20.968384, 20.757877
366, 634, 20.701427, 18.273880
373, 627, 20.416769, 17.694857
379, 621, 20.128155, 17.736843
385, 615, 19.846725, 18.163431
390, 610, 19.564857, 18.201370
392, 608, 19.282932, 17.805578
394, 606, 19.001204, 17.494793
394, 606, 18.733622, 17.516171
397, 603, 18.475685, 17.765648
397, 603, 18.227957, 18.223637
395, 605, 18.012308, 18.706100
395, 605, 17.811880, 18.781775
394, 606, 17.632530, 19.109636
392, 608, 17.472580, 19.344728
392, 608, 17.318865, 19.384905
394, 606, 17.156319, 18.773853
396, 604, 16.986624, 18.251627
393, 607, 16.817820, 17.569645
391, 609, 16.651871, 16.959257
391, 609, 16.484600, 16.320522
392, 608, 16.305233, 15.660021
397, 603, 16.129015, 15.969433
401, 599, 15.955476, 16.383585
407, 593, 15.780914, 16.575405
415, 585, 15.585450, 16.233652
421, 579, 15.350037, 14.624381
423, 577, 15.099025, 13.562161
425, 575, 14.832715, 12.549024
427, 573, 14.558041, 11.601006
430, 570, 14.279957, 11.157584
430, 570, 14.025352, 11.865870
431, 569, 13.798799, 12.724181
435, 565, 13.583248, 13.239372
436, 564, 13.382694, 13.733531
437, 563, 13.183232, 13.422915
439, 561, 12.973163, 12.649491
440, 560, 12.765282, 12.437553
442, 558, 12.564384, 12.657462
446, 554, 12.366412, 12.795745
447, 553, 12.178708, 12.960623
448, 552, 11.980020, 12.109369
448, 552, 11.775522, 11.279513
446, 554, 11.569723, 10.441150
445, 555, 11.366317, 9.876365
444, 556, 11.172369, 9.748142
444, 556, 10.995134, 10.117028
445, 555, 10.822416, 10.219196
447, 553, 10.656720, 10.283034
448, 552, 10.491765, 10.091730
450, 550, 10.326516, 10.100960
453, 547, 10.159106, 9.887651
457, 543, 9.985285, 10.057222
460, 540, 9.818205, 10.102965
464, 536, 9.642843, 9.871521
468, 532, 9.464735, 9.814624
470, 530, 9.268387, 8.827337
471, 529, 9.071956, 8.366436
472, 528, 8.865378, 7.650162
472, 528, 8.659627, 7.032276
472, 528, 8.457443, 6.861304
475, 525, 8.274236, 7.712502
479, 521, 8.098413, 8.086028
483, 517, 7.924551, 8.542966
489, 511, 7.751112, 8.958925
493, 507, 7.575416, 8.946921
499, 501, 7.389147, 8.820732
504, 496, 7.183825, 8.165843
507, 493, 6.955103, 7.074632
507, 493, 6.722596, 6.225214
509, 491, 6.483047, 5.495690
508, 492, 6.237512, 4.475138
510, 490, 5.998640, 4.357483
507, 493, 5.775403, 4.245060
506, 494, 5.561334, 4.016042
506, 494, 5.357975, 3.997825
506, 494, 5.170270, 4.333601
505, 495, 5.001601, 4.834759
508, 492, 4.836868, 4.894072
509, 491, 4.677128, 4.953806
511, 489, 4.517060, 4.894021
515, 485, 4.356153, 4.935074
517, 483, 4.192181, 4.654183
518, 482, 4.021252, 4.139558
519, 481, 3.848622, 3.727549
521, 479, 3.671524, 3.431348
524, 476, 3.492679, 3.241688
525, 475, 3.315542, 3.096217
527, 473, 3.141595, 3.142389
530, 470, 2.971115, 3.223660
534, 466, 2.795036, 3.169946
535, 465, 2.621318, 3.097052
537, 463, 2.431450, 2.085687
538, 462, 2.233279, 1.401326
538, 462, 2.029687, 1.075805
540, 460, 1.840952, 1.055725
539, 461, 1.657873, 1.148038
540, 460, 1.462702, 0.836869
541, 459, 1.262591, 0.493124
541, 459, 1.093472, 0.499744
540, 460, 0.925372, 0.380049
542, 458, 0.720186, 0.442501
543, 457, 0.534035, 0.025292
541, 459, 0.348432, 0.103610
542, 458, 0.195651, -0.516670
541, 459, 0.061828, -0.420114
541, 459, -0.079466, -0.335740
541, 459, -0.244232, 0.243701
541, 459, -0.378764, -0.142346
545, 455, -0.529589, -1.260432
545, 455, -0.680017, -1.902831
548, 452, -0.842693, -2.429535
554, 446, -1.043784, -1.405844
559, 441, -1.214504, -1.406855
563, 437, -1.375953, -1.993406
568, 432, -1.546446, -2.188179
573, 427, -1.719936, -2.120321
575, 425, -1.890115, -1.933575
575, 425, -2.049478, -1.871727
574, 426, -2.215724, -2.765166
572, 428, -2.373110, -2.953037
569, 431, -2.514945, -2.975148
564, 436, -2.632743, -2.745387
560, 440, -2.725691, -2.415505
558, 442, -2.809779, -2.547223
552, 448, -2.869543, -2.178212
553, 447, -2.926683, -2.224491
552, 448, -2.977367, -2.020056
554, 446, -3.026369, -1.853820
557, 443, -3.086145, -2.049441
559, 441, -3.149795, -2.161832
563, 437, -3.229418, -2.513646
568, 432, -3.333112, -3.312068
567, 433, -3.444680, -3.991943
567, 433, -3.589216, -5.869118
568, 432, -3.738210, -6.502753
569, 431, -3.888608, -6.638042
569, 431, -4.022780, -6.282727
569, 431, -4.136007, -5.469927
571, 429, -4.234677, -4.747626
572, 428, -4.324921, -4.506685
571, 429, -4.408329, -4.424439
571, 429, -4.483573, -4.133823
571, 429, -4.553778, -4.145400
570, 430, -4.613043, -3.893293
567, 433, -4.670075, -4.301560
568, 432, -4.724792, -4.254166
566, 434, -4.770910, -4.187580
566, 434, -4.820834, -4.515293
566, 434, -4.869570, -4.573277
567, 433, -4.925656, -5.008937
568, 432, -4.990704, -5.279237
572, 428, -5.060211, -5.249449
575, 425, -5.137560, -5.371252
579, 421, -5.228358, -5.601540
582, 418, -5.322666, -5.576977
584, 416, -5.421031, -5.759480
588, 412, -5.531753, -6.023700
590, 410, -5.656024, -6.703496
592, 408, -5.789888, -7.179228
592, 408, -5.921165, -7.455342
592, 408, -6.048962, -7.599886
591, 409, -6.170124, -7.722720
588, 412, -6.268865, -7.185365
588, 412, -6.350127, -6.657040
588, 412, -6.406173, -5.647176
586, 414, -6.452802, -5.491229
586, 414, -6.499546, -5.490628
586, 414, -6.540901, -5.373485
588, 412, -6.578914, -5.088152
590, 410, -6.624825, -5.328626
591, 409, -6.688396, -6.059211
594, 406, -6.769983, -6.557615
594, 406, -6.857722, -7.367974
594, 406, -6.956513, -8.090029
594, 406, -7.066367, -8.892257
597, 403, -7.178661, -8.836863
596, 404, -7.281061, -8.716770
597, 403, -7.373289, -8.346899
599, 401, -7.458415, -7.854652
604, 396, -7.537677, -7.090841
605, 395, -7.610559, -6.911430
607, 393, -7.688517, -6.856772
608, 392, -7.766868, -7.032472
611, 389, -7.852631, -7.147851
610, 390, -7.946406, -7.925456
610, 390, -8.041757, -8.255813
609, 391, -8.135549, -8.611948
607, 393, -8.232998, -9.218084
607, 393, -8.329986, -9.549563
605, 395, -8.415083, -9.442277
604, 396, -8.490796, -9.154856
604, 396, -8.555200, -8.871105
605, 395, -8.614811, -8.676296
607, 393, -8.678652, -8.717650
605, 395, -8.737245, -8.864697
607, 393, -8.797816, -8.791233
610, 390, -8.858609, -8.594703
612, 388, -8.917988, -8.407829
613, 387, -8.977498, -8.374114
614, 386, -9.040541, -8.513875
617, 383, -9.108685, -8.608343
616, 384, -9.182132, -8.923837
616, 384, -9.256286, -9.344621
615, 385, -9.331100, -9.755282
614, 386, -9.405530, -10.104358
614, 386, -9.476390, -9.956388
614, 386, -9.540999, -9.857089
615, 385, -9.604600, -9.827523
614, 386, -9.666029, -9.941794
614, 386, -9.728903, -10.212637
614, 386, -9.794252, -10.416192
617, 383, -9.864174, -10.416603
619, 381, -9.935280, -10.387310
622, 378, -10.009315, -10.357479
624, 376, -10.079806, -9.932986
626, 374, -10.145569, -9.616834
630, 370, -10.215338, -9.477476
631, 369, -10.290951, -9.724167
633, 367, -10.374630, -10.099115
632, 368, -10.467358, -10.896518
631, 369, -10.562964, -11.405968
630, 370, -10.655313, -11.597888
630, 370, -10.742692, -11.660316
630, 370, -10.824162, -11.514013
628, 372, -10.882533, -10.724848
627, 373, -10.929165, -10.527585
624, 376, -10.960022, -10.264336
621, 379, -10.977584, -9.970295
619, 381, -10.995181, -10.301584
617, 383, -11.013391, -10.750391
619, 381, -11.036428, -10.841012
620, 380, -11.074843, -11.433564
619, 381, -11.109976, -11.525149
622, 378, -11.148090, -11.380768
620, 380, -11.182526, -11.465252
623, 377, -11.218057, -11.212275
627, 373, -11.260487, -11.108823
633, 367, -11.311252, -10.865174
635, 365, -11.370850, -10.975614
641, 359, -11.458214, -11.684582
645, 355, -11.562396, -12.222741
648, 352, -11.682589, -12.793917
654, 346, -11.814753, -13.027203
654, 346, -11.944305, -13.169863
654, 346, -12.072591, -13.369817
652, 348, -12.193090, -13.481277
654, 346, -12.310098, -13.438677
650, 350, -12.417127, -13.756672
646, 354, -12.505293, -13.722627
642, 358, -12.580559, -13.663351
641, 359, -12.639021, -13.220121
639, 361, -12.683078, -12.886572
637, 363, -12.701270, -12.055437
635, 365, -12.704313, -11.653997
637, 363, -12.709753, -11.490829
640, 360, -12.756026, -13.061173
644, 356, -12.820933, -13.530833
646, 354, -12.885704, -13.364839
649, 351, -12.950459, -12.888498
655, 345, -13.045938, -12.916386
660, 340, -13.149839, -12.843368
664, 336, -13.244383, -12.561258
670, 330, -13.381821, -12.865089
673, 327, -13.526491, -14.037456
672, 328, -13.661352, -14.473259
675, 325, -13.814460, -15.339391
677, 323, -13.975386, -15.677275
684, 316, -14.168612, -15.382808
680, 320, -14.345919, -15.049326
690, 310, -14.552291, -15.093908
691, 309, -14.706199, -15.588578
690, 310, -14.857011, -15.305675
691, 309, -14.995976, -15.143265
691, 309, -15.112360, -14.793983
690, 310, -15.224530, -15.178772
688, 312, -15.330606, -15.413469
684, 316, -15.414244, -15.043250
681, 319, -15.497691, -15.682450
678, 322, -15.565866, -15.481675
675, 325, -15.624916, -15.646124
670, 330, -15.675804, -16.010517
667, 333, -15.721663, -16.404842
664, 336, -15.755702, -16.260214
660, 340, -15.775322, -16.213427
659, 341, -15.795298, -16.411091
658, 342, -15.812417, -16.608259
656, 344, -15.835779, -17.284319
658, 342, -15.843577, -16.333855
657, 343, -15.851467, -16.426174
654, 346, -15.847556, -16.288752
652, 348, -15.846245, -16.690460
649, 351, -15.849745, -17.401123
644, 356, -15.832120, -17.023781
640, 360, -15.802529, -16.985468
633, 367, -15.743772, -16.421762
626, 374, -15.666454, -16.254307
619, 381, -15.571123, -16.208252
613, 387, -15.472365, -16.584221
608, 392, -15.350052, -16.400457
602, 398, -15.214202, -15.975218
592, 408, -15.053532, -15.632766
584, 416, -14.872339, -15.457964
575, 425, -14.680523, -15.608905
565, 435, -14.465952, -15.496374
557, 443, -14.233221, -15.249957
548, 452, -13.977391, -14.922083
543, 457, -13.716226, -14.642323
537, 463, -13.446362, -14.398511
529, 471, -13.157341, -13.924644
526, 474, -12.864434, -13.397590
522, 478, -12.556438, -12.574724
519, 481, -12.249302, -12.142075
520, 480, -11.945979, -11.486561
519, 481, -11.648960, -11.207611
519, 481, -11.368608, -11.325694
520, 480, -11.112109, -11.801299
518, 482, -10.878654, -12.624605
518, 482, -10.661060, -12.889760
516, 484, -10.447932, -12.902807
517, 483, -10.234395, -12.271515
518, 482, -10.017050, -11.452157
514, 486, -9.797869, -11.187986
516, 484, -9.591774, -10.953788
517, 483, -9.376676, -9.934834
515, 485, -9.150904, -9.236683
516, 484, -8.920578, -8.352330
514, 486, -8.685262, -7.851894
512, 488, -8.452147, -7.664344
511, 489, -8.214772, -6.940782
506, 494, -7.975054, -6.980159
503, 497, -7.747175, -7.469832
497, 503, -7.521296, -7.890347
492, 508, -7.293384, -7.868320
486, 514, -7.045918, -7.178363
481, 519, -6.791641, -6.991620
478, 522, -6.535908, -6.733706
475, 525, -6.276054, -6.300038
475, 525, -6.018722, -5.691777
476, 524, -5.747108, -4.262835
476, 524, -5.487537, -4.180627
477, 523, -5.233449, -4.406030
477, 523, -5.005861, -4.561808
474, 526, -4.789917, -4.870204
471, 529, -4.589884, -5.670276
468, 532, -4.389244, -5.622649
464, 536, -4.189674, -5.598728
461, 539, -3.982288, -5.252110
458, 542, -3.759986, -4.482964
455, 545, -3.518272, -3.434009
452, 548, -3.271152, -2.920855
449, 551, -3.018873, -2.479447
446, 554, -2.766180, -2.254936
444, 556, -2.513162, -1.988235
439, 561, -2.258704, -1.879742
435, 565, -2.001044, -1.735672
431, 569, -1.740812, -1.600145
429, 571, -1.480126, -1.158533
428, 572, -1.226032, -1.067162
424, 576, -0.974309, -1.098915
423, 577, -0.718887, -0.532070
422, 578, -0.466597, -0.055868
421, 579, -0.218838, 0.058163
419, 581, 0.017680, -0.320183
419, 581, 0.242306, -0.305177
414, 586, 0.459911, -0.866933
412, 588, 0.673349, -0.860594
410, 590, 0.882013, -0.926287
408, 592, 1.087851, -0.820175
402, 598, 1.300011, -0.710732
401, 599, 1.530588, 0.484441
399, 601, 1.767190, 1.041517
396, 604, 2.011393, 1.640528
394, 606, 2.260022, 2.135936
393, 607, 2.507096, 2.630328
390, 610, 2.762752, 3.088266
388, 612, 3.010507, 3.190681
386, 614, 3.249177, 2.868772
384, 616, 3.476273, 2.642550
378, 622, 3.712095, 2.884995
378, 622, 3.946170, 3.318301
377, 623, 4.174678, 3.392043
377, 623, 4.398674, 3.668164
375, 625, 4.626864, 3.970161
373, 627, 4.854421, 4.425496
373, 627, 5.088077, 5.340344
373, 627, 5.319288, 5.773672
374, 626, 5.544676, 6.225236
373, 627, 5.774820, 6.838618
371, 629, 6.007340, 7.280936
368, 632, 6.247628, 7.730624
364, 636, 6.490053, 7.856011
361, 639, 6.730064, 7.827384
357, 643, 6.969831, 7.894919
352, 648, 7.211104, 7.940141
348, 652, 7.454711, 7.908164
343, 657, 7.695486, 7.646252
339, 661, 7.932427, 7.474957
336, 664, 8.160431, 7.158289
334, 666, 8.388303, 7.387402
333, 667, 8.623484, 8.219363
333, 667, 8.859396, 8.797856
333, 667, 9.090008, 9.112301
332, 668, 9.313984, 9.291289
334, 666, 9.512152, 8.843739
337, 663, 9.683522, 8.176144
336, 664, 9.842851, 7.956932
337, 663, 10.002783, 8.526087
337, 663, 10.171277, 9.369893
338, 662, 10.338808, 9.930128
337, 663, 10.506007, 10.232001
337, 663, 10.659698, 9.816920
332, 668, 10.824218, 10.061293
331, 669, 10.993865, 10.520681
330, 670, 11.177726, 11.474702
327, 673, 11.374568, 12.145442
323, 677, 11.574082, 12.277604
322, 678, 11.752622, 11.536895
317, 683, 11.928163, 11.177313
316, 684, 12.106598, 11.612520
317, 683, 12.292925, 12.416748
314, 686, 12.483854, 12.687741
312, 688, 12.663778, 12.355999
311, 689, 12.871973, 12.186532
313, 687, 13.064787, 11.913796
311, 689, 13.244802, 11.674606
306, 694, 13.406732, 12.135116
308, 692, 13.588640, 13.064267
305, 695, 13.786302, 13.666317
304, 696, 13.949686, 13.683965
303, 697, 14.121190, 14.346366
305, 695, 14.298621, 15.219280
302, 698, 14.481980, 15.590456
303, 697, 14.647232, 15.240561
300, 700, 14.807964, 15.077184
299, 701, 14.967305, 15.144374
297, 703, 15.150798, 15.539857
291, 709, 15.339244, 15.043968
287, 713, 15.543325, 15.609045
283, 717, 15.754991, 15.901575
278, 722, 15.971251, 15.988463
278, 722, 16.180134, 16.013451
276, 724, 16.385899, 16.162102
274, 726, 16.584240, 15.938845
274, 726, 16.776907, 16.096802
274, 726, 16.957829, 16.076185
273, 727, 17.134529, 16.302443
273, 727, 17.315716, 17.027710
275, 725, 17.477406, 16.710344
274, 726, 17.648169, 17.563307
273, 727, 17.807940, 17.257933
274, 726, 17.966087, 17.711658
271, 729, 18.135931, 18.242329
270, 730, 18.285360, 17.434181
266, 734, 18.462147, 18.603285
267, 733, 18.624075, 18.574694
267, 733, 18.780724, 18.521860
265, 735, 18.939699, 18.816973
264, 736, 19.085970, 18.401611
262, 738, 19.249731, 19.391905
260, 740, 19.400522, 18.873383
258, 742, 19.563883, 19.522385
257, 743, 19.731005, 19.619881
257, 743, 19.869055, 18.861591
255, 745, 20.013119, 19.298468
255, 745, 20.159245, 19.672684
254, 746, 20.297253, 19.541573
253, 747, 20.442829, 20.217279
252, 748, 20.593924, 20.652308
251, 749, 20.732765, 20.337475
251, 749, 20.875217, 20.810793
249, 751, 21.011303, 20.652163
249, 751, 21.148275, 21.076378
251, 749, 21.272921, 20.985043
253, 747, 21.376358, 20.570290
251, 749, 21.486027, 20.917744
247, 753, 21.616995, 21.733959
245, 755, 21.723864, 20.388227
240, 760, 21.851746, 20.977816
235, 765, 22.001486, 21.681608
232, 768, 22.156040, 21.752401
231, 769, 22.309160, 21.927013
231, 769, 22.468939, 22.575516
233, 767, 22.601200, 22.150164
232, 768, 22.739435, 22.455944
226, 774, 22.886677, 22.290714
221, 779, 23.041758, 22.249369
218, 782, 23.220119, 23.414444
220, 780, 23.394199, 23.932585
222, 778, 23.548733, 23.790283
224, 776, 23.681572, 23.429184
225, 775, 23.809238, 23.720890
224, 776, 23.929440, 23.449999
222, 778, 24.033096, 22.693611
217, 783, 24.144865, 22.497366
214, 786, 24.272331, 22.936628
212, 788, 24.400162, 23.102140
209, 791, 24.534460, 23.223017
209, 791, 24.667624, 23.440336
205, 795, 24.810318, 23.910189
203, 797, 24.968414, 24.571918
200, 800, 25.134752, 24.956354
205, 795, 25.284883, 25.288635
208, 792, 25.431669, 26.166073
207, 793, 25.578983, 26.287132
204, 796, 25.720783, 26.016262
205, 795, 25.851999, 25.918381
207, 793, 25.971128, 25.909502
207, 793, 26.095388, 26.552711
203, 797, 26.230104, 26.812937
200, 800, 26.371748, 27.000683
200, 800, 26.503065, 26.894087
200, 800, 26.621275, 26.544849
200, 800, 26.734274, 26.578932
192, 808, 26.867058, 26.550121
191, 809, 26.990662, 26.240557
195, 805, 27.093512, 26.103743
195, 805, 27.190208, 26.071293
190, 810, 27.313253, 26.989178
188, 812, 27.444496, 27.346472
194, 806, 27.553162, 27.554825
196, 804, 27.647526, 27.403021
190, 810, 27.749279, 27.112976
191, 809, 27.843067, 27.036419
195, 805, 27.925083, 27.414909
193, 807, 28.020082, 27.990952
190, 810, 28.124229, 28.175070
193, 807, 28.207464, 27.923304
194, 806, 28.280378, 27.717098
191, 809, 28.360586, 27.771814
190, 810, 28.440689, 27.920355
192, 808, 28.508675, 27.818745
193, 807, 28.571333, 27.764261
191, 809, 28.637550, 27.964348
190, 810, 28.709425, 28.241953
192, 808, 28.773209, 28.277872
193, 807, 28.831896, 28.365507
190, 810, 28.901423, 28.693892
189, 811, 28.979897, 29.012093
191, 809, 29.047958, 29.092150
186, 814, 29.127295, 28.982334
180, 820, 29.223444, 29.084833
186, 814, 29.296595, 29.086315
185, 815, 29.370975, 29.249374
180, 820, 29.468622, 29.779352
182, 818, 29.556751, 29.986322
189, 811, 29.618769, 29.984526
187, 813, 29.678499, 29.582861
189, 811, 29.715645, 29.070591
193, 807, 29.726635, 28.552383
190, 810, 29.745291, 28.449955
191, 809, 29.763121, 28.489849
195, 805, 29.783001, 29.301304
197, 803, 29.799929, 29.583677
198, 802, 29.818617, 29.949049
199, 801, 29.833263, 29.930397
201, 799, 29.836369, 29.729197
203, 797, 29.825302, 29.539082
203, 797, 29.815937, 29.675131
209, 791, 29.794868, 29.884817
216, 784, 29.748543, 29.827358
221, 779, 29.688745, 29.644670
220, 780, 29.632069, 29.586439
226, 774, 29.561626, 29.716986
233, 767, 29.470240, 29.649700
235, 765, 29.385267, 30.086283
231, 769, 29.323875, 30.438280
231, 769, 29.276144, 30.995232
234, 766, 29.227161, 31.293491
235, 765, 29.163332, 30.618784
231, 769, 29.074120, 29.270365
227, 773, 29.005749, 29.476334
222, 778, 28.957150, 29.240208
224, 776, 28.904110, 28.967142
228, 772, 28.852766, 29.033524
225, 775, 28.797567, 28.271521
220, 780, 28.716661, 25.972013
215, 785, 28.652851, 25.824642
214, 786, 28.611418, 26.517347
214, 786, 28.603348, 28.226828
217, 783, 28.596254, 28.712044
220, 780, 28.586388, 29.010942
220, 780, 28.571207, 28.720953
220, 780, 28.549122, 28.399813
219, 781, 28.511732, 27.473930
224, 776, 28.465099, 27.544468
227, 773, 28.408674, 27.430845
226, 774, 28.357864, 27.389786
221, 779, 28.325447, 27.472570
223, 777, 28.295591, 27.794344
230, 770, 28.250969, 28.077490
231, 769, 28.214853, 28.636082
226, 774, 28.188282, 28.162018
223, 777, 28.160013, 27.470615
223, 777, 28.127142, 27.327963
230, 770, 28.086695, 27.783310
232, 768, 28.052006, 28.392178
231, 769, 28.011797, 27.979200
231, 769, 27.968254, 27.687881
237, 763, 27.901768, 27.505625
247, 753, 27.810188, 27.567053
258, 742, 27.682407, 27.201618
263, 737, 27.544128, 27.256433
262, 738, 27.408598, 26.865465
263, 737, 27.248016, 25.404881
267, 733, 27.087961, 25.622234
269, 731, 26.949219, 26.690825
272, 728, 26.827320, 27.762335
274, 726, 26.709209, 27.971802
274, 726, 26.610207, 28.648476
275, 725, 26.506607, 28.301786
278, 722, 26.386688, 27.603502
285, 715, 26.268297, 28.432554
287, 713, 26.144005, 28.303566
288, 712, 25.989382, 26.415770
289, 711, 25.807787, 24.848011
290, 710, 25.613428, 23.977341
290, 710, 25.437574, 24.362511
291, 709, 25.274250, 24.681553
291, 709, 25.118484, 24.591991
295, 705, 24.950191, 24.205709
299, 701, 24.767872, 23.604263
302, 698, 24.600073, 24.498924
308, 692, 24.411106, 24.106773
317, 683, 24.204504, 24.133289
330, 670, 23.976501, 24.520355
341, 659, 23.716717, 24.325897
356, 644, 23.431110, 24.736313
369, 631, 23.104046, 24.032351
376, 624, 22.761757, 23.426779
383, 617, 22.347578, 19.946716
387, 613, 21.923954, 19.086504
385, 615, 21.520149, 18.696749
377, 623, 21.184223, 19.661364
373, 627, 20.886946, 20.107145
372, 628, 20.623177, 20.968290
372, 628, 20.378391, 21.128563
364, 636, 20.174362, 21.290464
361, 639, 19.995407, 21.444469
362, 638, 19.814987, 21.149069
360, 640, 19.648361, 21.120085
358, 642, 19.490238, 20.670355
358, 642, 19.335405, 20.428225
363, 637, 19.162201, 19.975658
366, 634, 18.987747, 19.768341
369, 631, 18.805950, 19.535038
375, 625, 18.592361, 18.344141
382, 618, 18.347437, 17.464367
386, 614, 18.081766, 16.353765
385, 615, 17.830250, 16.224913
393, 607, 17.561636, 16.032806
397, 603, 17.292208, 15.829564
397, 603, 17.036377, 15.839798
400, 600, 16.782541, 15.746377
405, 595, 16.526470, 15.852368
406, 594, 16.285250, 16.049889
408, 592, 16.049311, 16.039335
410, 590, 15.814149, 15.845490
410, 590, 15.591326, 15.733399
413, 587, 15.372026, 15.829667
413, 587, 15.163664, 15.792483
416, 584, 14.957783, 15.889585
417, 583, 14.752125, 15.576020
421, 579, 14.535276, 15.164335
421, 579, 14.309164, 14.131250
426, 574, 14.067883, 13.519756
425, 575, 13.819505, 12.454584
427, 573, 13.575580, 12.130159
428, 572, 13.336564, 11.929316
431, 569, 13.094522, 11.679871
433, 567, 12.864745, 12.025086
437, 563, 12.636560, 12.217260
444, 556, 12.408296, 12.760593
453, 547, 12.160773, 12.624564
458, 542, 11.906102, 12.556212
469, 531, 11.625495, 12.237300
474, 526, 11.332407, 11.757454
483, 517, 11.013107, 11.176110
487, 513, 10.695253, 10.961067
492, 508, 10.360435, 9.984976
493, 507, 10.025966, 9.602036
495, 505, 9.699976, 9.184923
494, 506, 9.390677, 9.022816
492, 508, 9.088829, 8.309954
492, 508, 8.796149, 7.891312
489, 511, 8.529696, 8.129537
490, 510, 8.280594, 8.317697
491, 509, 8.038857, 8.355791
494, 506, 7.796389, 8.026732
496, 504, 7.556597, 7.879588
500, 500, 7.316615, 7.981099
506, 494, 7.076072, 8.186675
510, 490, 6.821318, 7.644815
514, 486, 6.555040, 6.900464
517, 483, 6.280290, 6.250472
518, 482, 5.987661, 4.829414
521, 479, 5.694108, 4.356701
524, 476, 5.401534, 4.261816
529, 471, 5.110671, 4.483757
534, 466, 4.819084, 4.339098
537, 463, 4.515977, 3.610940
537, 463, 4.223884, 3.367584
537, 463, 3.936457, 2.831855
539, 461, 3.646286, 2.117917
538, 462, 3.372241, 2.071060
538, 462, 3.129215, 2.998053
538, 462, 2.905913, 3.434592
541, 459, 2.683524, 3.224570
543, 457, 2.454994, 2.579388
544, 456, 2.228149, 2.280619
548, 452, 1.987573, 1.655304
551, 449, 1.744036, 1.358963
553, 447, 1.504152, 1.378226
561, 439, 1.264544, 1.882689
568, 432, 1.006009, 1.660446
574, 426, 0.740006, 1.511683
579, 421, 0.460697, 0.948126
586, 414, 0.165329, 0.413446
589, 411, -0.145543, -0.474851
591, 409, -0.454640, -0.770426
593, 407, -0.762527, -1.273929
595, 405, -1.066911, -1.502677
598, 402, -1.374771, -1.973694
596, 404, -1.680251, -2.961593
599, 401, -1.975443, -2.920515
600, 400, -2.255594, -2.800714
603, 397, -2.520671, -2.302783
602, 398, -2.770078, -2.193873
603, 397, -3.012191, -2.469757
601, 399, -3.262717, -3.507230
599, 401, -3.501009, -4.225153
596, 404, -3.736121, -5.197470
594, 406, -3.955966, -5.392212
596, 404, -4.168776, -5.222075
598, 402, -4.367612, -4.745333
601, 399, -4.566341, -4.804208
607, 393, -4.780484, -5.060003
614, 386, -5.003824, -5.092469
621, 379, -5.239330, -5.047794
627, 373, -5.488314, -5.211702
633, 367, -5.746734, -5.531198
635, 365, -6.019846, -6.695492
632, 368, -6.283414, -7.280462
632, 368, -6.538803, -7.603325
628, 372, -6.771643, -7.740021
623, 377, -6.969336, -7.468492
620, 380, -7.141952, -7.314353
618, 382, -7.284818, -6.416827
616, 384, -7.404483, -6.126357
614, 386, -7.522504, -6.640943
613, 387, -7.640522, -7.028966
616, 384, -7.766198, -7.280491
615, 385, -7.894299, -7.768780
618, 382, -8.030180, -8.169436
623, 377, -8.179252, -8.225813
630, 370, -8.342994, -8.395329
633, 367, -8.511703, -8.609097
638, 362, -8.710590, -9.723264
644, 356, -8.929095, -10.271094
644, 356, -9.152001, -11.016623
648, 352, -9.383255, -11.318580
652, 348, -9.615758, -11.370581
649, 351, -9.811523, -10.720480
650, 350, -9.996008, -10.313558
653, 347, -10.174413, -10.031843
650, 350, -10.324646, -9.611969
650, 350, -10.470876, -9.703957
646, 354, -10.625961, -11.362000
643, 357, -10.766516, -11.457196
646, 354, -10.898283, -10.923876
647, 353, -11.024757, -10.828468
646, 354, -11.139892, -10.688085
648, 352, -11.261251, -11.032075
652, 348, -11.398253, -11.415768
657, 343, -11.546165, -11.683765
661, 339, -11.710817, -12.283953
662, 338, -11.889295, -13.157887
666, 334, -12.077091, -13.497814
669, 331, -12.265202, -13.428468
678, 322, -12.460095, -12.795780
686, 314, -12.657793, -12.146755
687, 313, -12.857196, -12.537683
685, 315, -13.045424, -12.894140
686, 314, -13.248381, -13.912846
693, 307, -13.460064, -13.831250
699, 301, -13.682012, -13.780792
698, 302, -13.889608, -13.748448
696, 304, -14.081403, -14.008698
692, 308, -14.260652, -14.590781
690, 310, -14.438016, -15.257670
687, 313, -14.602503, -15.700107
684, 316, -14.748308, -15.619874
681, 319, -14.867239, -15.119888
679, 321, -14.975119, -15.064846
678, 322, -15.064392, -14.595758
678, 322, -15.160717, -15.180771
679, 321, -15.255017, -15.264743
680, 320, -15.357743, -15.687670
683, 317, -15.470440, -16.073288
684, 316, -15.591221, -16.447660
687, 313, -15.709044, -16.367056
689, 311, -15.816109, -15.784034
688, 312, -15.922666, -16.147203
684, 316, -16.028765, -17.104408
683, 317, -16.129042, -17.248068
683, 317, -16.227718, -17.506361
684, 316, -16.326784, -17.606991
686, 314, -16.429033, -17.660156
686, 314, -16.503147, -16.557140
685, 315, -16.576904, -16.689753
688, 312, -16.642387, -16.123564
688, 312, -16.710203, -16.417845
689, 311, -16.772236, -16.029854
689, 311, -16.826906, -15.881680
690, 310, -16.892900, -16.381479
691, 309, -16.962515, -16.645664
689, 311, -17.029369, -16.948141
690, 310, -17.091982, -16.759947
690, 310, -17.181677, -18.109501
691, 309, -17.266037, -18.069952
694, 306, -17.357052, -18.197359
696, 304, -17.450163, -18.270800
698, 302, -17.547991, -18.346796
700, 300, -17.642309, -18.200531
699, 301, -17.724478, -17.924128
699, 301, -17.802986, -18.017956
699, 301, -17.877275, -17.892151
700, 300, -17.947449, -17.741955
702, 298, -18.036465, -18.535368
704, 296, -18.125343, -18.576544
704, 296, -18.228371, -19.414047
702, 298, -18.314842, -19.322748
699, 301, -18.398144, -19.744867
698, 302, -18.476856, -19.910923
695, 305, -18.524204, -19.075178
693, 307, -18.566854, -19.217512
692, 308, -18.594507, -18.772881
689, 311, -18.609779, -18.824930
687, 313, -18.608963, -18.354317
687, 313, -18.610760, -18.391291
688, 312, -18.608782, -18.090931
691, 309, -18.609339, -17.742386
694, 306, -18.615704, -17.569672
696, 304, -18.643499, -18.255753
696, 304, -18.669256, -18.144579
692, 308, -18.705286, -19.462429
686, 314, -18.733246, -20.341921
680, 320, -18.765663, -21.633955
674, 326, -18.777170, -21.682222
670, 330, -18.764910, -21.049856
668, 332, -18.735561, -20.570930
668, 332, -18.690184, -19.663595
669, 331, -18.641027, -19.151064
669, 331, -18.582228, -18.525337
669, 331, -18.524483, -18.407232
668, 332, -18.482059, -19.330465
664, 336, -18.431606, -19.403297
658, 342, -18.369682, -19.540293
652, 348, -18.286539, -19.454493
644, 356, -18.192379, -19.924051
639, 361, -18.072935, -19.212030
639, 361, -17.950218, -18.876860
637, 363, -17.803434, -17.573820
629, 371, -17.640638, -17.633049
622, 378, -17.457916, -17.417364
619, 381, -17.292685, -18.173037
621, 379, -17.145947, -18.482096
617, 383, -16.976034, -17.479284
612, 388, -16.794600, -17.319244
603, 397, -16.599943, -17.653831
599, 401, -16.409105, -18.151035
595, 405, -16.213837, -18.108391
587, 413, -16.003666, -18.112480
578, 422, -15.766649, -17.586008
575, 425, -15.517912, -16.992428
571, 429, -15.240668, -15.426003
567, 433, -14.937798, -14.888965
564, 436, -14.653806, -14.417591
559, 441, -14.365601, -14.356304
557, 443, -14.084004, -14.439421
553, 447, -13.814222, -14.989188
549, 451, -13.550873, -15.267566
544, 456, -13.282322, -15.092200
540, 460, -12.988947, -13.748734
538, 462, -12.695411, -13.211547
537, 463, -12.398924, -12.502939
540, 460, -12.114053, -11.986044
541, 459, -11.833782, -11.236589
541, 459, -11.556921, -10.574345
540, 460, -11.297775, -10.843321
540, 460, -11.061408, -11.479357
533, 467, -10.819531, -11.862401
526, 474, -10.575989, -12.085117
522, 478, -10.316648, -11.262480
517, 483, -10.041059, -10.568288
513, 487, -9.751306, -9.875592
509, 491, -9.459142, -9.503226
503, 497, -9.154358, -9.413548
500, 500, -8.851707, -8.986424
494, 506, -8.550171, -9.143456
492, 508, -8.251111, -8.944123
488, 512, -7.936461, -7.940689
484, 516, -7.615649, -7.536014
476, 524, -7.285351, -7.811098
469, 531, -6.962581, -8.210547
461, 539, -6.630639, -8.094769
455, 545, -6.263083, -6.318367
450, 550, -5.881008, -5.463538
448, 552, -5.500444, -4.963216
445, 555, -5.128734, -4.962907
440, 560, -4.767990, -5.224351
438, 562, -4.416185, -5.169698
434, 566, -4.071215, -5.212122
433, 567, -3.738278, -5.135250
430, 570, -3.412757, -5.126960
427, 573, -3.093749, -4.875363
426, 574, -2.784476, -4.798436
423, 577, -2.474505, -4.379073
420, 580, -2.164772, -3.824137
420, 580, -1.847896, -2.843781
419, 581, -1.530234, -2.299380
415, 585, -1.209978, -1.824633
412, 588, -0.884924, -1.030474
407, 593, -0.550447, -0.481880
404, 596, -0.212816, -0.080828
396, 604, 0.145236, 0.226813
390, 610, 0.511506, 0.652581
381, 619, 0.904459, 1.482229
377, 623, 1.297502, 1.728034
369, 631, 1.705819, 2.338042
364, 636, 2.126934, 3.055125
358, 642, 2.555860, 3.420096
353, 647, 2.954274, 3.329310
350, 650, 3.342767, 3.365379
345, 655, 3.730036, 3.396181
338, 662, 4.114872, 3.455216
334, 666, 4.490382, 3.373515
331, 669, 4.862442, 3.506866
328, 672, 5.222568, 3.600150
323, 677, 5.583192, 3.535579
313, 687, 5.961628, 3.818321
306, 694, 6.349432, 4.161204
300, 700, 6.751774, 5.054333
297, 703, 7.161447, 6.088365
300, 700, 7.568660, 7.300903
296, 704, 7.986764, 8.442598
300, 700, 8.387403, 9.171681
299, 701, 8.801880, 9.879257
297, 703, 9.221753, 11.003222
294, 706, 9.625001, 10.648782
289, 711, 10.027341, 10.876266
287, 713, 10.420838, 11.160555
281, 719, 10.810751, 11.101827
278, 722, 11.182058, 10.479354
274, 726, 11.559313, 11.214769
270, 730, 11.933112, 11.392392
268, 732, 12.306336, 12.098447
265, 735, 12.679235, 12.427551
261, 739, 13.059847, 13.234295
260, 740, 13.426737, 13.423918
260, 740, 13.779861, 13.644643
260, 740, 14.129444, 14.467932
262, 738, 14.460907, 14.666197
265, 735, 14.789067, 15.959969
268, 732, 15.083422, 15.575411
272, 728, 15.347237, 15.475684
274, 726, 15.596067, 15.717281
277, 723, 15.803081, 14.798532
277, 723, 16.016018, 15.814917
280, 720, 16.199265, 15.258349
282, 718, 16.363228, 15.123333
283, 717, 16.550947, 16.819576
283, 717, 16.717525, 16.424221
285, 715, 16.890730, 17.383585
282, 718, 17.055880, 17.027880
282, 718, 17.209146, 16.826719
280, 720, 17.374279, 17.338037
275, 725, 17.536722, 16.913227
271, 729, 17.711161, 17.299707
267, 733, 17.893082, 17.459322
264, 736, 18.087206, 18.007780
261, 739, 18.296408, 18.795300
257, 743, 18.506826, 18.832493
252, 748, 18.732388, 19.334221
250, 750, 18.939087, 18.687347
245, 755, 19.160419, 19.086096
242, 758, 19.390127, 19.343540
237, 763, 19.610157, 19.012188
233, 767, 19.834330, 19.137138
231, 769, 20.067501, 19.761471
231, 769, 20.284849, 19.491249
227, 773, 20.505476, 19.785732
225, 775, 20.712366, 19.329121
222, 778, 20.920246, 19.302319
215, 785, 21.158726, 20.317516
210, 790, 21.409082, 20.672930
205, 795, 21.662491, 20.607981
206, 794, 21.930092, 22.218637
207, 793, 22.200447, 23.373661
212, 788, 22.457176, 24.197428
218, 782, 22.679718, 23.985699
219, 781, 22.883945, 23.871428
217, 783, 23.093044, 24.272429
215, 785, 23.294907, 24.213743
218, 782, 23.465298, 23.282457
222, 778, 23.592567, 22.661270
221, 779, 23.719418, 22.378820
217, 783, 23.863045, 22.557682
212, 788, 24.014872, 23.043859
212, 788, 24.173027, 23.610332
218, 782, 24.314127, 23.787975
224, 776, 24.426817, 24.733027
221, 779, 24.546955, 24.927505
218, 782, 24.671518, 24.893116
223, 777, 24.770300, 24.738453
230, 770, 24.851725, 25.199232
230, 770, 24.935284, 25.485023
225, 775, 25.020016, 25.049047
226, 774, 25.088100, 24.399731
228, 772, 25.142931, 24.317347
227, 773, 25.211620, 25.097504
227, 773, 25.285839, 25.401703
220, 780, 25.371708, 25.201178
217, 783, 25.465260, 25.346292
221, 779, 25.555094, 26.023001
222, 778, 25.646305, 26.495684
223, 777, 25.730055, 26.469145
215, 785, 25.819191, 25.755535
210, 790, 25.921156, 25.868006
217, 783, 25.996895, 25.753626
218, 782, 26.059479, 25.568056
209, 791, 26.137976, 25.158516
204, 796, 26.232529, 25.246557
204, 796, 26.325005, 25.464174
209, 791, 26.397085, 25.259920
206, 794, 26.472538, 25.011881
202, 798, 26.569014, 25.595068
200, 800, 26.681833, 26.320181
204, 796, 26.786734, 26.936998
205, 795, 26.880713, 26.889811
204, 796, 26.967594, 26.524443
203, 797, 27.045080, 26.109907
200, 800, 27.129097, 26.395241
201, 799, 27.214670, 26.743788
202, 798, 27.311666, 27.158936
205, 795, 27.387709, 27.295927
201, 799, 27.474695, 27.443157
197, 803, 27.570889, 27.487492
199, 801, 27.652334, 27.271666
201, 799, 27.716127, 26.933367
194, 806, 27.796288, 26.732470
186, 814, 27.896208, 26.680443
185, 815, 27.995270, 26.726046
185, 815, 28.103020, 27.599537
178, 822, 28.237526, 27.896065
177, 823, 28.372435, 28.164114
183, 817, 28.493988, 28.807013
181, 819, 28.619810, 29.082140
179, 821, 28.752220, 29.478220
181, 819, 28.871840, 29.411392
180, 820, 28.984859, 29.172569
175, 825, 29.091352, 28.307001
168, 832, 29.203861, 27.839125
163, 837, 29.317955, 27.414177
160, 840, 29.435705, 27.301874
153, 847, 29.576349, 27.639816
152, 848, 29.740980, 29.173212
155, 845, 29.908316, 30.275742
155, 845, 30.087212, 30.991922
165, 835, 30.243469, 32.232998
171, 829, 30.384861, 32.852661
176, 824, 30.502642, 32.939911
188, 812, 30.573917, 32.879070
188, 812, 30.631378, 32.343178
194, 806, 30.639439, 31.094440
197, 803, 30.621664, 30.377071
197, 803, 30.597486, 29.812412
204, 796, 30.553188, 29.976316
206, 794, 30.509394, 30.326540
211, 789, 30.474052, 31.415455
220, 780, 30.414759, 31.710798
229, 771, 30.332144, 31.852194
236, 764, 30.232363, 31.829872
244, 756, 30.103474, 31.531265
254, 746, 29.938927, 30.948818
262, 738, 29.754940, 30.796926
273, 727, 29.537498, 30.534620
282, 718, 29.292179, 29.855972
285, 715, 29.043179, 29.534197
291, 709, 28.776587, 29.001688
300, 700, 28.494053, 28.987484
306, 694, 28.189445, 28.091349
312, 688, 27.881514, 28.096621
314, 686, 27.569845, 27.546812
317, 683, 27.244919, 26.477924
319, 681, 26.937550, 26.809010
321, 679, 26.621183, 26.027603
326, 674, 26.298956, 25.433487
329, 671, 25.984468, 25.539961
335, 665, 25.664423, 25.436623
341, 659, 25.334066, 25.192762
344, 656, 25.011597, 25.207420
346, 654, 24.693985, 24.782755
348, 652, 24.377115, 24.286453
349, 651, 24.061922, 23.699099
349, 651, 23.754122, 23.341541
351, 649, 23.458475, 23.346964
354, 646, 23.174709, 23.706160
360, 640, 22.884291, 23.687895
369, 631, 22.580988, 23.629099
374, 626, 22.270578, 23.429478
379, 621, 21.958309, 23.225212
387, 613, 21.627844, 22.910427
398, 602, 21.258081, 21.820837
410, 590, 20.854593, 21.116898
413, 587, 20.445316, 20.130796
418, 582, 20.037956, 20.126461
428, 572, 19.609163, 19.828165
433, 567, 19.155279, 18.350418
437, 563, 18.708326, 17.843821
441, 559, 18.264265, 17.403221
445, 555, 17.818659, 16.878149
449, 551, 17.376537, 16.441584
449, 551, 16.941998, 15.557419
446, 554, 16.525101, 14.898127
443, 557, 16.118866, 13.769396
439, 561, 15.746425, 13.744402
434, 566, 15.407094, 13.613078
429, 571, 15.107487, 14.078448
428, 572, 14.838315, 14.547425
427, 573, 14.599802, 15.096116
430, 570, 14.377745, 15.872174
432, 568, 14.160224, 15.881265
438, 562, 13.941469, 16.226782
443, 557, 13.702772, 15.703363
449, 551, 13.441978, 14.806700
457, 543, 13.152681, 13.877148
459, 541, 12.850707, 12.880116
467, 533, 12.517948, 11.772449
471, 529, 12.175469, 10.899435
474, 526, 11.825060, 10.238421
479, 521, 11.459821, 9.263479
479, 521, 11.104762, 8.883876
482, 518, 10.754339, 8.730474
485, 515, 10.413957, 8.774365
488, 512, 10.084684, 8.781613
489, 511, 9.771610, 9.003503
491, 509, 9.468684, 9.087830
492, 508, 9.178791, 9.093594
489, 511, 8.909894, 9.000549
490, 510, 8.652947, 8.986410
490, 510, 8.408943, 8.955495
493, 507, 8.170073, 8.967806
493, 507, 7.940979, 8.972287
494, 506, 7.705715, 8.167514
495, 505, 7.471292, 7.696077
495, 505, 7.238633, 7.228414
497, 503, 6.991575, 6.063682
499, 501, 6.740166, 5.600682
504, 496, 6.493065, 5.990213
509, 491, 6.236762, 5.808864
516, 484, 5.970377, 5.622200
524, 476, 5.696513, 5.910041
533, 467, 5.403595, 5.737482
544, 456, 5.080923, 5.176408
550, 450, 4.746139, 4.745275
558, 442, 4.391809, 4.160231
557, 443, 4.016513, 2.128781
557, 443, 3.639382, 0.987250
556, 444, 3.273938, 0.253458
553, 447, 2.937302, 0.256108
549, 451, 2.641064, 0.768183
546, 454, 2.388586, 1.766802
546, 454, 2.161548, 2.318016
545, 455, 1.964537, 3.180257
546, 454, 1.782839, 3.582787
549, 451, 1.605111, 3.857263
551, 449, 1.436370, 4.160585
555, 445, 1.259429, 3.974801
558, 442, 1.070374, 3.283083
559, 441, 0.846249, 1.183393
560, 440, 0.602522, -0.168984
559, 441, 0.354976, -1.226179
558, 442, 0.102188, -2.304594
558, 442, -0.140096, -2.323864
558, 442, -0.370280, -2.329809
559, 441, -0.588242, -2.176904