motor_front,motor_back,pitch_filter,gyro
492, 508, 1.172774, 2.034730
490, 510, 1.165826, 2.523026
492, 508, 1.157068, 2.004212
492, 508, 1.150041, 2.248360
492, 508, 1.141990, 2.034730
495, 505, 1.130520, 1.302286
500, 500, 1.114164, 0.081545
501, 499, 1.098118, -0.284677
503, 497, 1.082938, -0.772973
503, 497, 1.067335, -0.772973
504, 496, 1.048192, -1.017121
503, 497, 1.025799, -0.956084
502, 498, 1.001568, -0.681417
501, 499, 0.972658, -0.437269
505, 495, 0.936618, -1.474899
505, 495, 0.901020, -1.352825
501, 499, 0.872350, -0.406751
503, 497, 0.843597, -0.864528
500, 500, 0.825380, -0.132084
501, 499, 0.807582, -0.406751
504, 496, 0.785742, -1.139195
500, 500, 0.773923, 0.203619
500, 500, 0.758468, -0.040529
508, 492, 0.729430, -2.115787
494, 506, 0.722874, 1.729545
502, 498, 0.701206, -0.742454
498, 502, 0.684825, 0.569842
494, 506, 0.674005, 1.699026
500, 500, 0.646648, -0.010010
480, 520, 0.648205, 5.239173
492, 508, 0.631412, 2.004212
488, 512, 0.622023, 3.224952
488, 512, 0.619587, 3.102878
488, 512, 0.635805, 3.072359
500, 500, 0.645439, 0.203619
499, 501, 0.665325, 0.447768
501, 499, 0.681199, -0.467788
500, 500, 0.695949, 0.142582
505, 495, 0.694232, -1.474899
513, 487, 0.670725, -3.275491
514, 486, 0.651170, -3.672231
518, 482, 0.631151, -4.618305
517, 483, 0.611911, -4.282602
512, 488, 0.590873, -3.122898
503, 497, 0.548788, -0.803491
497, 503, 0.506109, 0.966582
494, 506, 0.464352, 1.515915
496, 504, 0.424972, 1.119175
498, 502, 0.391886, 0.539323
500, 500, 0.375422, 0.142582
501, 499, 0.360373, -0.376232
500, 500, 0.349520, 0.051027
497, 503, 0.342956, 0.844508
500, 500, 0.330780, 0.234138
501, 499, 0.317710, -0.437269
501, 499, 0.309179, -0.376232
506, 494, 0.297124, -1.688528
506, 494, 0.289292, -1.658010
509, 491, 0.280254, -2.298898
511, 489, 0.269919, -2.878750
512, 488, 0.258330, -3.153417
512, 488, 0.245851, -3.153417
510, 490, 0.234006, -2.573565
505, 495, 0.226773, -1.383343
504, 496, 0.212705, -1.047639
498, 502, 0.205840, 0.722434
498, 502, 0.197556, 0.691916
497, 503, 0.190778, 0.997101
499, 501, 0.183500, 0.447768
496, 504, 0.185268, 1.241249
497, 503, 0.188486, 0.752953
496, 504, 0.194571, 1.241249
496, 504, 0.197494, 1.180212
497, 503, 0.197832, 0.905545
495, 505, 0.201053, 1.485397
496, 504, 0.200656, 1.210730
496, 504, 0.200548, 1.119175
496, 504, 0.198149, 1.027619
497, 503, 0.194486, 0.752953
500, 500, 0.189664, 0.142582
503, 497, 0.182622, -0.803491
505, 495, 0.176255, -1.322306
506, 494, 0.169432, -1.596973
506, 494, 0.161794, -1.688528
506, 494, 0.152502, -1.596973
504, 496, 0.136571, -1.078158
503, 497, 0.118647, -0.895047
503, 497, 0.100642, -0.772973
502, 498, 0.084683, -0.681417
503, 497, 0.070842, -0.864528
501, 499, 0.066054, -0.345714
502, 498, 0.060327, -0.742454
500, 500, 0.059799, 0.203619
500, 500, 0.059624, 0.173101
500, 500, 0.058212, -0.162603
501, 499, 0.057413, -0.406751
500, 500, 0.058503, -0.162603
499, 501, 0.059147, 0.295175
497, 503, 0.058756, 0.783471
494, 506, 0.060328, 1.576952
494, 506, 0.060386, 1.637989
494, 506, 0.061762, 1.576952
496, 504, 0.064194, 1.210730
498, 502, 0.064855, 0.539323
498, 502, 0.067255, 0.691916
498, 502, 0.068671, 0.600360
500, 500, 0.061427, -0.162603
500, 500, 0.055898, 0.173101
499, 501, 0.050919, 0.386731
498, 502, 0.052891, 0.508805
499, 501, 0.053723, 0.417249
494, 506, 0.061118, 1.576952
494, 506, 0.066164, 1.576952
492, 508, 0.066677, 2.126286
488, 512, 0.072497, 3.011322
487, 513, 0.078506, 3.316508
486, 514, 0.086962, 3.713248
483, 517, 0.101003, 4.323618
479, 521, 0.122022, 5.269692
478, 522, 0.146824, 5.666432
476, 524, 0.175569, 6.215765
475, 525, 0.204800, 6.398877
469, 531, 0.243123, 7.802728
465, 535, 0.287132, 8.779321
460, 540, 0.337004, 10.213691
452, 548, 0.394968, 12.014283
443, 557, 0.464142, 14.486282
430, 570, 0.544164, 17.599171
421, 579, 0.633621, 19.979614
408, 592, 0.739487, 23.092503
398, 602, 0.867391, 25.533983
387, 613, 1.016497, 28.463760
383, 617, 1.177911, 29.287760
371, 629, 1.361883, 32.431164
358, 642, 1.576449, 35.605087
354, 646, 1.787699, 36.612202
346, 654, 2.016617, 38.656940
329, 671, 2.265150, 42.990570
324, 676, 2.523403, 44.119755
319, 681, 2.789400, 45.493084
311, 689, 3.063937, 47.446270
308, 692, 3.342515, 48.178715
300, 700, 3.628057, 50.162418
289, 711, 3.922462, 52.848049
281, 719, 4.206677, 54.953823
272, 728, 4.489014, 57.212193
260, 740, 4.774280, 60.233524
254, 746, 5.058594, 61.637379
250, 750, 5.351296, 62.522411
251, 749, 5.674404, 62.339302
254, 746, 6.005445, 61.576340
263, 737, 6.334458, 59.440048
275, 725, 6.655751, 56.388195
292, 708, 6.966957, 52.237679
313, 687, 7.292741, 46.988495
333, 667, 7.603809, 41.922421
357, 643, 7.886674, 35.757683
377, 623, 8.141736, 30.874722
395, 605, 8.366382, 26.357983
407, 593, 8.560287, 23.367168
421, 579, 8.721646, 19.827021
437, 563, 8.847589, 15.920652
449, 551, 8.945080, 12.807764
463, 537, 9.018024, 9.389691
474, 526, 9.080041, 6.581988
486, 514, 9.128983, 3.621693
494, 506, 9.167610, 1.546434
503, 497, 9.189068, -0.834010
511, 489, 9.201728, -2.970305
522, 478, 9.201447, -5.503342
527, 473, 9.191089, -6.785120
532, 468, 9.179845, -8.097415
540, 460, 9.156616, -10.172673
540, 460, 9.134669, -10.203192
539, 461, 9.114830, -9.806452
537, 463, 9.086731, -9.318155
532, 468, 9.060178, -8.036378
523, 477, 9.038960, -5.808527
518, 482, 9.015577, -4.618305
513, 487, 8.995550, -3.275491
509, 491, 8.973471, -2.359935
510, 490, 8.949813, -2.604083
508, 492, 8.929993, -2.085269
512, 488, 8.907788, -3.214453
520, 480, 8.878730, -5.076083
528, 472, 8.843160, -7.242897
539, 461, 8.795412, -9.775933
555, 445, 8.726925, -13.865413
576, 424, 8.631851, -19.206154
601, 399, 8.510692, -25.309855
625, 375, 8.369891, -31.474592
654, 346, 8.196520, -38.615929
682, 318, 7.987164, -45.543629
707, 293, 7.745521, -51.860958
732, 268, 7.467465, -58.056217
756, 244, 7.149014, -64.037842
774, 226, 6.801382, -68.615616
790, 210, 6.428026, -72.644058
804, 196, 6.027047, -76.245247
817, 183, 5.602359, -79.297096
823, 177, 5.161262, -80.945091
828, 172, 4.717320, -82.226875
826, 174, 4.275269, -81.524948
813, 187, 3.851639, -78.289978
803, 197, 3.432038, -75.848503
807, 193, 2.993148, -76.886139
807, 193, 2.549351, -76.977692
788, 212, 2.141122, -72.094727
785, 215, 1.731580, -71.423317
788, 212, 1.316258, -72.186279
770, 230, 0.923173, -67.669548
773, 227, 0.509850, -68.310432
781, 219, 0.077881, -70.324654
774, 226, -0.340290, -68.524055
777, 223, -0.766855, -69.409096
789, 211, -1.208849, -72.491470
792, 208, -1.660354, -73.193398
793, 207, -2.111046, -73.315468
801, 199, -2.571151, -75.421249
807, 193, -3.041545, -76.916656
804, 196, -3.504201, -76.153694
800, 200, -3.968586, -75.085541
802, 198, -4.430219, -75.573837
798, 202, -4.890373, -74.749840
778, 222, -5.315572, -69.592209
759, 241, -5.719685, -64.800804
743, 257, -6.127716, -60.802883
704, 296, -6.495678, -51.067478
660, 340, -6.810743, -40.172371
639, 361, -7.116229, -34.801113
605, 395, -7.370874, -26.408522
572, 428, -7.571749, -18.076967
551, 449, -7.720830, -12.980376
535, 465, -7.820289, -8.829859
525, 475, -7.877533, -6.418897
518, 482, -7.898529, -4.557268
509, 491, -7.882480, -2.298898
501, 499, -7.850131, -0.406751
496, 504, -7.811002, 1.241249
488, 512, -7.760507, 3.133396
480, 520, -7.707248, 5.086581
476, 524, -7.654850, 6.185247
471, 529, -7.597061, 7.314432
466, 534, -7.535865, 8.718284
457, 543, -7.469707, 10.946136
445, 555, -7.395227, 13.906430
436, 564, -7.333148, 16.012209
427, 573, -7.262361, 18.484207
421, 579, -7.186555, 19.827021
419, 581, -7.105462, 20.406874
416, 584, -7.012338, 21.200356
410, 590, -6.908090, 22.512650
406, 594, -6.793345, 23.611317
402, 598, -6.675990, 24.526873
396, 604, -6.548102, 26.174871
394, 606, -6.420811, 26.571613
390, 610, -6.286279, 27.578722
390, 610, -6.145339, 27.639759
388, 612, -5.998500, 28.005981
379, 621, -5.837210, 30.355907
372, 628, -5.667622, 32.187016
356, 644, -5.481806, 36.062866
344, 656, -5.294306, 39.084198
331, 669, -5.092744, 42.471756
315, 685, -4.871222, 46.408642
308, 692, -4.636284, 48.148197
297, 703, -4.381618, 50.986416
278, 722, -4.086693, 55.564194
258, 742, -3.770767, 60.599747
241, 759, -3.437070, 64.933380
224, 776, -3.090249, 69.114410
210, 790, -2.724167, 72.685081
206, 794, -2.329977, 73.600639
206, 794, -1.915498, 73.692192
208, 792, -1.484677, 73.020782
216, 784, -1.043091, 71.037079
220, 780, -0.589364, 70.091003
229, 771, -0.130077, 67.954712
236, 764, 0.310520, 66.062569
242, 758, 0.726593, 64.719749
238, 762, 1.132502, 65.513237
234, 766, 1.524862, 66.703461
237, 763, 1.893871, 65.971016
241, 759, 2.246253, 64.933380
240, 760, 2.597453, 65.116493
236, 764, 2.957641, 66.032051
237, 763, 3.319508, 65.879456
254, 746, 3.685345, 61.545822
267, 733, 4.040687, 58.493973
270, 730, 4.404949, 57.731010
277, 723, 4.768161, 55.777824
294, 706, 5.109353, 51.718861
314, 686, 5.421467, 46.744347
324, 676, 5.715069, 44.241825
331, 669, 5.990734, 42.258125
334, 666, 6.256764, 41.678272
339, 661, 6.505558, 40.304939
345, 655, 6.738136, 38.870571
351, 649, 6.954030, 37.283607
359, 641, 7.160386, 35.483013
369, 631, 7.356284, 32.766869
379, 621, 7.546015, 30.447462
389, 611, 7.730251, 27.792353
402, 598, 7.922762, 24.587910
415, 585, 8.108616, 21.475021
429, 571, 8.282753, 17.995911
444, 556, 8.434543, 14.059023
457, 543, 8.566298, 10.824061
472, 528, 8.661570, 7.070284
489, 511, 8.724053, 2.919767
500, 500, 8.766541, 0.203619
512, 488, 8.785836, -3.214453
527, 473, 8.787230, -6.785120
540, 460, 8.776502, -10.081118
550, 450, 8.747371, -12.614154
563, 437, 8.702958, -15.757561
572, 428, 8.641693, -18.076967
583, 417, 8.561486, -20.976227
596, 404, 8.463709, -24.058596
609, 391, 8.345219, -27.293558
615, 385, 8.217462, -28.819483
632, 368, 8.061308, -33.153114
650, 350, 7.876051, -37.578297
665, 335, 7.671524, -41.301556
686, 314, 7.439155, -46.581257
703, 297, 7.184826, -50.823330
723, 277, 6.904492, -55.919922
744, 256, 6.595641, -61.047031
761, 239, 6.261931, -65.319618
777, 223, 5.895899, -69.317543
795, 205, 5.499835, -73.864799
814, 186, 5.070138, -78.534126
831, 169, 4.613263, -82.867760
849, 151, 4.131428, -87.292946
864, 136, 3.633409, -91.168793
874, 126, 3.129572, -93.732353
891, 109, 2.607518, -97.760796
908, 92, 2.060444, -102.124939
916, 84, 1.503297, -104.017090
914, 86, 0.928774, -103.589828
910, 90, 0.348517, -102.582718
903, 97, -0.238461, -100.782127
885, 115, -0.823742, -96.326424
863, 137, -1.400092, -90.955162
842, 158, -1.987588, -85.614426
818, 182, -2.545939, -79.541245
792, 208, -3.069232, -73.223915
765, 235, -3.550334, -66.265694
745, 255, -3.997915, -61.260658
726, 274, -4.404325, -56.682884
708, 292, -4.768534, -52.135628
697, 303, -5.096594, -49.327927
693, 307, -5.399523, -48.320812
678, 322, -5.663618, -44.536514
686, 314, -5.925724, -46.703331
670, 330, -6.171011, -42.705406
651, 349, -6.389995, -37.944519
644, 356, -6.610624, -36.113407
634, 366, -6.827264, -33.671928
628, 372, -7.045163, -32.207039
613, 387, -7.262283, -28.300669
597, 403, -7.457498, -24.455338
583, 417, -7.630476, -20.976227
571, 429, -7.781493, -17.985413
561, 439, -7.914224, -15.391338
553, 447, -8.036361, -13.346599
543, 457, -8.141152, -10.996674
534, 466, -8.228258, -8.555192
528, 472, -8.299290, -7.151341
523, 477, -8.354671, -5.991638
520, 480, -8.389747, -5.198157
511, 489, -8.405725, -2.939787
511, 489, -8.421906, -2.970305
502, 498, -8.422742, -0.742454
496, 504, -8.413696, 1.241249
483, 517, -8.393727, 4.384655
477, 523, -8.372048, 5.971618
463, 537, -8.334932, 9.328654
452, 548, -8.286793, 12.197394
439, 561, -8.222779, 15.462874
427, 573, -8.149318, 18.362133
411, 589, -8.054693, 22.482132
400, 600, -7.947405, 25.045687
388, 612, -7.820846, 28.036501
378, 622, -7.676998, 30.600056
367, 633, -7.510035, 33.346722
355, 645, -7.329669, 36.459606
343, 657, -7.129494, 39.328346
338, 662, -6.924731, 40.518570
326, 674, -6.695448, 43.723015
312, 688, -6.437205, 47.232643
293, 707, -6.158914, 51.993530
273, 727, -5.860988, 56.907009
249, 751, -5.546688, 62.858120
222, 778, -5.208681, 69.633232
190, 810, -4.845652, 77.659599
158, 842, -4.446609, 85.563896
133, 867, -4.007316, 91.881226
114, 886, -3.529967, 96.733673
103, 897, -3.028968, 99.266701
95, 905, -2.497821, 101.372482
77, 923, -1.926936, 105.797668
66, 934, -1.325885, 108.666405
70, 930, -0.727669, 107.689812
73, 927, -0.126837, 106.774261
78, 922, 0.476150, 105.523003
95, 905, 1.099786, 101.311440
109, 891, 1.712209, 97.954414
132, 868, 2.300032, 92.064331
144, 856, 2.876526, 89.012482
158, 842, 3.433168, 85.716484
168, 832, 3.965356, 83.000336
175, 825, 4.476130, 81.443893
190, 810, 4.950085, 77.507011
194, 806, 5.406418, 76.621971
212, 788, 5.833814, 72.135750
225, 775, 6.263321, 68.992340
242, 758, 6.682563, 64.719749
261, 739, 7.089691, 59.867302
279, 721, 7.486667, 55.350563
290, 710, 7.878511, 52.603901
304, 696, 8.258373, 49.185829
314, 686, 8.614397, 46.622272
324, 676, 8.949000, 44.241825
333, 667, 9.262033, 41.952938
353, 647, 9.536764, 36.886868
362, 638, 9.799589, 34.567459
380, 620, 10.038903, 30.142277
398, 602, 10.255081, 25.656057
415, 585, 10.450143, 21.383467
430, 570, 10.630226, 17.629688
444, 556, 10.802457, 14.028504
458, 542, 10.951618, 10.610432
466, 534, 11.076945, 8.596210
469, 531, 11.179483, 7.802728
475, 525, 11.259765, 6.368358
480, 520, 11.315372, 5.117099
486, 514, 11.363954, 3.713248
492, 508, 11.398155, 2.126286
511, 489, 11.394884, -2.817713
520, 480, 11.384270, -5.015046
538, 462, 11.347681, -9.562304
555, 445, 11.260904, -13.987487
567, 433, 11.172747, -16.917265
581, 419, 11.035368, -20.396374
590, 410, 10.871986, -22.685263
600, 400, 10.700276, -25.096224
610, 390, 10.508930, -27.720816
627, 373, 10.295550, -31.993410
648, 352, 10.062230, -37.059483
665, 335, 9.816999, -41.393112
687, 313, 9.566916, -46.764370
714, 286, 9.289982, -53.722591
737, 263, 8.995915, -59.368515
757, 243, 8.685198, -64.343025
778, 222, 8.359121, -69.592209
801, 199, 8.007290, -75.299171
824, 176, 7.628221, -81.036652
845, 155, 7.231085, -86.316353
865, 135, 6.816999, -91.290871
887, 113, 6.372172, -96.784203
917, 83, 5.871858, -104.444351
932, 68, 5.339995, -108.228645
933, 67, 4.807492, -108.472794
954, 46, 4.233500, -113.660934
960, 40, 3.647309, -115.217384
956, 44, 3.030413, -114.118713
958, 42, 2.392293, -114.668045
942, 58, 1.754842, -110.731155
920, 80, 1.123856, -105.054718
903, 97, 0.483728, -100.873680
871, 129, -0.180334, -92.999908
846, 154, -0.821436, -86.621544
832, 168, -1.443173, -83.172943
827, 173, -2.047142, -81.769096
818, 182, -2.619496, -79.663315
812, 188, -3.154064, -78.137390
813, 187, -3.682255, -78.473091
811, 189, -4.193717, -77.832214
810, 190, -4.696439, -77.557541
812, 188, -5.203113, -78.228943
814, 186, -5.722301, -78.595169
817, 183, -6.251542, -79.388649
813, 187, -6.773382, -78.381538
812, 188, -7.289096, -78.198425
804, 196, -7.791940, -76.001099
796, 204, -8.274354, -74.200508
772, 228, -8.720164, -68.035759
767, 233, -9.161587, -66.815025
736, 264, -9.544178, -59.032810
728, 272, -9.912333, -57.018589
699, 301, -10.227294, -49.846737
676, 324, -10.504207, -44.078743
650, 350, -10.743042, -37.700371
628, 372, -10.944158, -32.115486
605, 395, -11.114866, -26.469559
578, 422, -11.237559, -19.541857
559, 441, -11.334636, -14.780969
543, 457, -11.412397, -10.783044
517, 483, -11.452889, -4.496231
499, 501, -11.466253, 0.447768
481, 519, -11.449136, 4.842432
462, 538, -11.402463, 9.603321
445, 555, -11.335351, 13.997986
430, 570, -11.252935, 17.629688
415, 585, -11.154500, 21.261393
407, 593, -11.044492, 23.397688
396, 604, -10.909811, 26.052797
389, 611, -10.758799, 27.761833
382, 618, -10.592829, 29.501390
371, 629, -10.405507, 32.492203
359, 641, -10.206176, 35.391460
351, 649, -10.008906, 37.405682
335, 665, -9.795920, 41.342567
318, 682, -9.570234, 45.523605
304, 696, -9.329427, 49.185829
288, 712, -9.073683, 53.153233
266, 734, -8.790023, 58.616047
249, 751, -8.488853, 62.858120
226, 774, -8.156638, 68.565079
205, 795, -7.809731, 73.997375
178, 822, -7.439966, 80.619896
155, 845, -7.041481, 86.479454
134, 866, -6.614330, 91.667595
115, 885, -6.157570, 96.275894
103, 897, -5.673112, 99.327736
93, 907, -5.162150, 101.921814
96, 904, -4.603902, 101.189369
91, 909, -4.027886, 102.318550
80, 920, -3.429703, 105.126259
78, 922, -2.835172, 105.553520
65, 935, -2.220512, 108.880035
65, 935, -1.617037, 108.819000
64, 936, -1.008758, 109.154701
73, 927, -0.401439, 106.865814
82, 918, 0.209761, 104.546410
95, 905, 0.820059, 101.280922
113, 887, 1.454369, 96.764191
126, 874, 2.084935, 93.651299
146, 854, 2.697718, 88.707298
166, 834, 3.286431, 83.702263
181, 819, 3.854730, 79.826408
202, 798, 4.393121, 74.729820
222, 778, 4.908062, 69.602707
232, 768, 5.403040, 67.008644
252, 748, 5.860831, 62.064636
257, 743, 6.302900, 60.782860
276, 724, 6.709083, 56.052490
275, 725, 7.104385, 56.388195
286, 714, 7.472074, 53.733086
285, 715, 7.827118, 53.794121
288, 712, 8.171260, 53.214272
299, 701, 8.494942, 50.406567
303, 697, 8.817960, 49.338421
307, 693, 9.133459, 48.361828
312, 688, 9.437658, 47.019012
322, 678, 9.722698, 44.516491
333, 667, 9.990070, 41.983459
340, 660, 10.244217, 40.243900
348, 652, 10.484377, 38.077091
361, 639, 10.707047, 34.750568
376, 624, 10.914145, 31.149389
400, 600, 11.089729, 25.167761
425, 575, 11.239233, 18.819912
445, 555, 11.367542, 13.814875
474, 526, 11.467652, 6.704062
500, 500, 11.545623, 0.142582
525, 475, 11.593815, -6.357860
549, 451, 11.601401, -12.370007
564, 436, 11.569252, -16.184820
582, 418, 11.494267, -20.518448
594, 406, 11.386872, -23.539782
602, 398, 11.255721, -25.523483
608, 392, 11.106450, -27.049410
620, 380, 10.938205, -30.070742
624, 376, 10.764168, -31.138889
637, 363, 10.573492, -34.465408
647, 353, 10.370358, -36.754299
662, 338, 10.155471, -40.569111
682, 318, 9.918467, -45.635181
702, 298, 9.659686, -50.670738
726, 274, 9.375484, -56.591328
759, 241, 9.052532, -64.953400
794, 206, 8.694901, -73.681694
831, 169, 8.296148, -82.959320
869, 131, 7.852773, -92.389534
914, 86, 7.354534, -103.528793
952, 48, 6.806487, -113.050568
979, 21, 6.208065, -119.856194
1016, -16, 5.548140, -129.164337
1051, -51, 4.836731, -137.801071
1083, -83, 4.076018, -145.766403
1115, -115, 3.265912, -153.792786
1130, -130, 2.432697, -157.638107
1142, -142, 1.549206, -160.720474
1149, -149, 0.638030, -162.490555
1142, -142, -0.281583, -160.567886
1126, -126, -1.201519, -156.692032
1104, -104, -2.113665, -151.198715
1075, -75, -3.044660, -143.813217
1041, -41, -3.940919, -135.420639
1005, -5, -4.794454, -126.326126
966, 34, -5.589768, -116.743309
929, 71, -6.328926, -107.496201
889, 111, -7.002011, -97.364059
851, 149, -7.610774, -87.933838
815, 185, -8.160110, -78.930870
784, 216, -8.657874, -71.087616
758, 242, -9.112600, -64.556656
736, 264, -9.528186, -59.002293
714, 286, -9.903070, -53.508961
695, 305, -10.243443, -48.931183
680, 320, -10.560472, -45.207924
662, 338, -10.854130, -40.508072
645, 355, -11.175361, -36.357555
619, 381, -11.456771, -29.979187
604, 396, -11.716927, -26.194891
593, 407, -11.952400, -23.356670
584, 416, -12.164586, -21.098301
574, 426, -12.343111, -18.748375
564, 436, -12.489630, -16.032228
555, 445, -12.609468, -13.926450
540, 460, -12.693085, -10.172673
525, 475, -12.753343, -6.418897
507, 493, -12.800573, -1.841121
490, 510, -12.824841, 2.523026
477, 523, -12.832528, 5.819025
462, 538, -12.810765, 9.664358
447, 553, -12.759390, 13.326579
430, 570, -12.672103, 17.660208
412, 588, -12.551256, 22.237984
393, 607, -12.403820, 26.968353
375, 625, -12.224393, 31.332499
356, 644, -12.010168, 36.184940
340, 660, -11.762578, 40.182865
323, 677, -11.469545, 44.485973
300, 700, -11.140855, 50.101379
273, 727, -10.775495, 56.784935
247, 753, -10.379868, 63.376934
194, 806, -9.915502, 76.713531
146, 854, -9.411403, 88.554703
90, 910, -8.828983, 102.715294
44, 956, -8.191147, 114.098701
-6, 1006, -7.477910, 126.611282
-54, 1054, -6.679873, 138.574539
-109, 1109, -5.766028, 152.277359
-143, 1143, -4.791288, 160.914093
-168, 1168, -3.748656, 167.078827
-209, 1209, -2.636058, 177.424606
-237, 1237, -1.481627, 184.382828
-254, 1254, -0.266035, 188.746979
-269, 1269, 0.970676, 192.256607
-263, 1263, 2.200152, 190.883270
-245, 1245, 3.453323, 186.458084
-211, 1211, 4.683996, 177.973938
-165, 1165, 5.913872, 166.498978
-115, 1115, 7.072371, 153.803284
-65, 1065, 8.155411, 141.290695
-14, 1014, 9.161127, 128.595001
38, 962, 10.063958, 115.655144
94, 906, 10.875062, 101.738701
148, 852, 11.567481, 88.127449
198, 802, 12.165883, 75.675896
244, 756, 12.682763, 64.109383
287, 713, 13.115997, 53.336346
317, 683, 13.494036, 45.798271
354, 646, 13.816008, 36.612202
377, 623, 14.103149, 30.752647
401, 599, 14.363965, 24.801538
410, 590, 14.608917, 22.665243
422, 578, 14.829865, 19.582872
420, 580, 15.043715, 20.193243
422, 578, 15.244036, 19.735466
424, 576, 15.424448, 19.155615
429, 571, 15.592236, 17.904356
442, 558, 15.740509, 14.669394
455, 545, 15.883550, 11.281838
470, 530, 16.006624, 7.711173
492, 508, 16.095259, 2.095767
511, 489, 16.147354, -2.787194
532, 468, 16.153950, -8.036378
549, 451, 16.109020, -12.308969
576, 424, 16.010555, -19.023043
597, 403, 15.865295, -24.394300
624, 376, 15.667629, -31.108372
653, 347, 15.424037, -38.432816
680, 320, 15.142534, -45.085850
706, 294, 14.822942, -51.677849
735, 265, 14.463091, -58.758144
751, 249, 14.081139, -62.969700
786, 214, 13.646101, -71.545395
801, 199, 13.185563, -75.390732
822, 178, 12.700424, -80.639908
853, 147, 12.171397, -88.391617
879, 121, 11.613632, -94.769981
906, 94, 11.020860, -101.545090
929, 71, 10.396692, -107.496201
961, 39, 9.727240, -115.431015
988, 12, 9.008606, -122.084045
1020, -20, 8.227624, -130.201981
1046, -46, 7.406110, -136.732925
1070, -70, 6.547585, -142.500931
1087, -87, 5.633701, -146.895599
1096, -96, 4.685491, -149.214996
1091, -91, 3.673224, -147.933228
1073, -73, 2.664999, -143.385971
1056, -56, 1.664377, -139.113373
1031, -31, 0.664932, -132.948639
1005, -5, -0.292596, -126.417679
978, 22, -1.194531, -119.612053
953, 47, -2.041976, -113.294716
925, 75, -2.825143, -106.367012
893, 107, -3.547323, -98.432205
866, 134, -4.221228, -91.687607
841, 159, -4.842755, -85.339760
813, 187, -5.424574, -78.351021
775, 225, -5.951072, -68.798729
737, 263, -6.467247, -59.460072
697, 303, -6.935877, -49.358444
659, 341, -7.355785, -39.836666
635, 365, -7.741830, -33.763485
606, 394, -8.067260, -26.652670
599, 401, -8.342711, -24.974150
605, 395, -8.601118, -26.439039
615, 385, -8.841594, -28.819483
624, 376, -9.035770, -31.169409
636, 364, -9.224867, -34.129704
650, 350, -9.420165, -37.517262
665, 335, -9.640172, -41.484665
671, 329, -9.870456, -42.919037
662, 338, -10.112623, -40.660667
647, 353, -10.342843, -36.754299
623, 377, -10.556325, -30.772667
585, 415, -10.762909, -21.281412
550, 450, -10.933218, -12.614154
520, 480, -11.076727, -5.167638
494, 506, -11.171795, 1.668508
475, 525, -11.221796, 6.368358
460, 540, -11.201376, 10.000061
452, 548, -11.140366, 12.197394
448, 552, -11.049358, 13.112949
444, 556, -10.914064, 14.120060
432, 568, -10.753144, 17.232948
415, 585, -10.575981, 21.413984
385, 615, -10.371578, 28.860500
344, 656, -10.126181, 39.145233
312, 688, -9.874886, 47.019012
276, 724, -9.576572, 56.174564
238, 762, -9.219730, 65.635307
185, 815, -8.763672, 78.758263
139, 861, -8.116098, 90.446854
93, 907, -7.433589, 101.891296
76, 924, -6.782579, 106.072334
59, 941, -5.900236, 110.344917
53, 947, -4.954034, 111.992920
44, 956, -4.053366, 114.190254
22, 978, -2.973099, 119.714104
-10, 1010, -1.916052, 127.618408
-37, 1037, -0.792882, 134.332474
-51, 1051, 0.004631, 137.842087
-48, 1048, 0.698957, 137.018097
-42, 1042, 1.457844, 135.675278
-25, 1025, 2.296046, 131.402695
-6, 1006, 3.049059, 126.550247
9, 991, 3.799819, 122.888031
34, 966, 4.530078, 116.692772
60, 940, 5.237391, 110.100769
92, 908, 5.922501, 102.135445
118, 882, 6.569569, 95.543449
143, 857, 7.176349, 89.317665
165, 835, 7.743243, 83.976929
183, 817, 8.272323, 79.277077
196, 804, 8.768546, 76.133675
211, 789, 9.234152, 72.318863
227, 773, 9.673264, 68.412491
241, 759, 10.091397, 64.994423
249, 751, 10.500040, 62.919155
268, 732, 10.885673, 58.127750
270, 730, 11.289929, 57.608936
291, 709, 11.667086, 52.298714
297, 703, 12.039927, 50.955898
314, 686, 12.385660, 46.622272
330, 670, 12.706905, 42.654865
336, 664, 13.014855, 41.128941
353, 647, 13.295431, 36.856350
374, 626, 13.543739, 31.607168
398, 602, 13.760278, 25.564501
416, 584, 13.954880, 21.017244
441, 559, 14.123712, 14.883023
462, 538, 14.262123, 9.603321
489, 511, 14.356694, 2.797693
511, 489, 14.414622, -2.878750
534, 466, 14.434067, -8.646748
563, 437, 14.406605, -15.757561
594, 406, 14.326254, -23.631336
623, 377, 14.204856, -30.986298
646, 354, 14.044096, -36.632225
668, 332, 13.849585, -42.186592
690, 310, 13.600436, -47.618889
700, 300, 13.323936, -50.151920
712, 288, 13.018123, -53.020664
720, 280, 12.691727, -55.156956
728, 272, 12.351526, -57.079624
734, 266, 12.009926, -58.697105
745, 255, 11.662049, -61.382732
760, 240, 11.303516, -65.014435
764, 236, 10.945067, -66.113106
778, 222, 10.573413, -69.714279
792, 208, 10.199542, -73.101837
808, 192, 9.816518, -77.160805
830, 170, 9.408550, -82.684647
856, 144, 8.967139, -89.185089
867, 133, 8.510558, -91.931755
887, 113, 8.018400, -96.997833
921, 79, 7.477840, -105.451462
947, 53, 6.898499, -111.921379
963, 37, 6.297100, -115.949829
996, 4, 5.635266, -124.067749
1013, -13, 4.911455, -128.279312
1030, -30, 4.152011, -132.643463
1041, -41, 3.369565, -135.268051
1060, -60, 2.557566, -140.120483
1068, -68, 1.732880, -142.073669
1071, -71, 0.876788, -142.989227
1074, -74, 0.001840, -143.599594
1061, -61, -0.863554, -140.425659
1043, -43, -1.714800, -135.756332
1024, -24, -2.552767, -131.148041
996, 4, -3.381686, -124.128784
974, 26, -4.175789, -118.635460
946, 54, -4.927717, -111.677231
926, 74, -5.633905, -106.702721
907, 93, -6.297630, -101.850273
888, 112, -6.909484, -97.180946
865, 135, -7.468387, -91.443459
852, 148, -7.989732, -88.208504
832, 168, -8.470745, -83.142426
809, 191, -8.916174, -77.435471
782, 218, -9.350348, -70.538284
754, 246, -9.758950, -63.519032
723, 277, -10.138494, -55.858883
694, 306, -10.488153, -48.595482
673, 327, -10.817309, -43.376816
645, 355, -11.109024, -36.479630
627, 373, -11.371850, -31.810297
609, 391, -11.601801, -27.385115
588, 412, -11.791235, -22.074894
574, 426, -11.959054, -18.656820
566, 434, -12.111606, -16.612080
551, 449, -12.237634, -12.919339
546, 454, -12.350629, -11.576525
534, 466, -12.444442, -8.646748
524, 476, -12.529636, -6.113712
515, 485, -12.610795, -3.763787
503, 497, -12.699973, -0.864528
490, 510, -12.773646, 2.614582
482, 518, -12.837753, 4.628803
472, 528, -12.881701, 7.161839
462, 538, -12.902232, 9.572803
458, 542, -12.888347, 10.579913
452, 548, -12.852807, 12.075320
448, 552, -12.792683, 13.204505
445, 555, -12.715586, 13.753838
440, 560, -12.618759, 15.035615
435, 565, -12.498835, 16.469986
425, 575, -12.364581, 18.941986
409, 591, -12.215536, 22.756798
391, 609, -12.051164, 27.365093
372, 628, -11.873165, 32.095463
341, 659, -11.671313, 39.999752
324, 676, -11.454282, 44.089237
304, 696, -11.209668, 49.246864
266, 734, -10.911387, 58.524490
245, 755, -10.585353, 63.773678
219, 781, -10.215950, 70.487747
195, 805, -9.810851, 76.286270
168, 832, -9.363757, 83.030853
146, 854, -8.880262, 88.737816
130, 870, -8.372569, 92.583153
114, 886, -7.828265, 96.642113
103, 897, -7.264435, 99.266701
89, 911, -6.678077, 102.928925
63, 937, -6.050926, 109.307297
37, 963, -5.398027, 115.807739
33, 967, -4.757537, 116.784332
20, 980, -4.113781, 120.141357
8, 992, -3.456695, 123.010101
9, 991, -2.801435, 122.888031
8, 992, -2.136151, 123.010101
12, 988, -1.447733, 122.216621
19, 981, -0.768543, 120.324471
23, 977, -0.095015, 119.378403
31, 969, 0.563032, 117.272629
44, 956, 1.200817, 114.159737
60, 940, 1.835292, 110.222847
79, 921, 2.445954, 105.431442
96, 904, 3.038040, 101.067291
115, 885, 3.610854, 96.397964
137, 863, 4.157701, 90.782555
161, 839, 4.694371, 84.984039
177, 823, 5.212411, 80.772484
195, 805, 5.709922, 76.438858
209, 791, 6.189810, 72.776634
220, 780, 6.653601, 70.152046
228, 772, 7.104844, 68.137817
231, 769, 7.548390, 67.344345
246, 754, 7.968557, 63.712635
245, 755, 8.397009, 63.987301
264, 736, 8.802965, 59.043304
257, 743, 9.228924, 60.904934
277, 723, 9.643595, 55.899899
278, 722, 10.056627, 55.564194
285, 715, 10.461920, 53.763603
302, 698, 10.840302, 49.643600
313, 687, 11.207041, 46.957973
323, 677, 11.561844, 44.272343
336, 664, 11.894123, 41.098419
352, 648, 12.200286, 37.008942
369, 631, 12.479617, 32.888943
378, 622, 12.742629, 30.661093
383, 617, 12.982077, 29.257242
392, 608, 13.193571, 27.212502
404, 596, 13.377038, 24.191170
417, 583, 13.535922, 20.834133
436, 564, 13.666593, 16.103764
461, 539, 13.755380, 9.969543
482, 518, 13.811986, 4.537248
498, 502, 13.845189, 0.691916
519, 481, 13.850818, -4.831935
543, 457, 13.824826, -10.905118
564, 436, 13.766923, -16.184820
590, 410, 13.669510, -22.654743
611, 389, 13.537038, -27.781853
635, 365, 13.370005, -33.763485
658, 342, 13.167521, -39.684074
681, 319, 12.928094, -45.452072
705, 295, 12.654865, -51.281109
725, 275, 12.356363, -56.347179
746, 254, 12.029537, -61.718437
767, 233, 11.681609, -66.815025
785, 215, 11.316344, -71.392799
806, 194, 10.928361, -76.550430
824, 176, 10.522302, -81.189240
839, 161, 10.100135, -84.759911
852, 148, 9.663700, -88.177986
863, 137, 9.197680, -90.863609
873, 127, 8.710601, -93.366127
885, 115, 8.198704, -96.356941
898, 102, 7.661469, -99.591904
900, 100, 7.117875, -100.171753
901, 99, 6.546793, -100.476936
898, 102, 5.970348, -99.713974
906, 94, 5.367329, -101.636642
903, 97, 4.760579, -100.812645
910, 90, 4.134051, -102.704788
916, 84, 3.492726, -104.047607
924, 76, 2.844794, -106.000793
937, 63, 2.184580, -109.418869
940, 60, 1.527423, -110.059753
943, 57, 0.867260, -110.761673
939, 61, 0.187831, -109.968193
935, 65, -0.493639, -108.808495
933, 67, -1.179549, -108.320198
929, 71, -1.860961, -107.343605
922, 78, -2.528505, -105.726128
913, 87, -3.176901, -103.498276
909, 91, -3.804183, -102.308052
903, 97, -4.410877, -100.751602
888, 112, -4.984745, -97.180946
869, 131, -5.524350, -92.389534
853, 147, -6.054533, -88.330582
825, 175, -6.557546, -81.280800
797, 203, -7.040066, -74.322578
759, 241, -7.488566, -64.770287
722, 278, -7.905231, -55.614735
677, 323, -8.296081, -44.383923
640, 360, -8.646684, -35.197853
594, 406, -8.928818, -23.722893
565, 435, -9.168369, -16.490005
520, 480, -9.321995, -5.137120
497, 503, -9.404267, 0.966582
480, 520, -9.443437, 5.056062
463, 537, -9.434482, 9.450728
450, 550, -9.387102, 12.624653
438, 562, -9.309619, 15.707024
425, 575, -9.195665, 18.819912
414, 586, -9.059142, 21.505541
402, 598, -8.909517, 24.526873
387, 613, -8.739472, 28.372204
374, 626, -8.559201, 31.698721
361, 639, -8.376375, 34.903164
346, 654, -8.182652, 38.687462
332, 668, -7.976074, 42.013977
319, 681, -7.754457, 45.401531
304, 696, -7.514360, 49.185829
294, 706, -7.257323, 51.566269
287, 713, -6.984048, 53.458420
286, 714, -6.705202, 53.611012
281, 719, -6.407371, 54.862267
279, 721, -6.099695, 55.442120
278, 722, -5.773733, 55.655750
274, 726, -5.435849, 56.662861
275, 725, -5.093933, 56.357674
273, 727, -4.749322, 56.784935
269, 731, -4.402980, 57.944637
259, 741, -4.076932, 60.355598
244, 756, -3.750780, 64.231453
224, 776, -3.413873, 69.083893
204, 796, -3.062457, 74.027901
185, 815, -2.695415, 78.788780
169, 831, -2.313428, 82.817230
153, 847, -1.898975, 86.906708
136, 864, -1.443425, 91.026703
126, 874, -0.952675, 93.681816
127, 873, -0.446967, 93.285072
132, 868, 0.075495, 92.155891
132, 868, 0.629330, 92.003296
131, 869, 1.193871, 92.369522
141, 859, 1.744848, 89.928040
154, 846, 2.280817, 86.632042
159, 841, 2.811541, 85.380783
177, 823, 3.333359, 80.864044
182, 818, 3.854407, 79.704338
204, 796, 4.342068, 74.211006
201, 799, 4.834321, 74.943451
216, 784, 5.304411, 71.037079
215, 785, 5.779142, 71.433823
236, 764, 6.218009, 66.123604
234, 766, 6.660884, 66.703461
255, 745, 7.070241, 61.332191
273, 727, 7.458095, 56.998566
281, 719, 7.847215, 54.831749
307, 693, 8.202930, 48.331310
330, 670, 8.526110, 42.715904
340, 660, 8.839561, 40.213383
356, 644, 9.127164, 36.093384
378, 622, 9.388822, 30.691610
401, 599, 9.614384, 24.832056
419, 581, 9.811593, 20.254280
435, 565, 9.984361, 16.256357
448, 552, 10.137244, 13.204505
461, 539, 10.259647, 9.969543
471, 529, 10.354046, 7.314432
477, 523, 10.420793, 5.819025
478, 522, 10.469423, 5.513840
482, 518, 10.498625, 4.567766
487, 513, 10.510156, 3.377544
494, 506, 10.508594, 1.607471
502, 498, 10.502110, -0.528825
515, 485, 10.478351, -3.794305
523, 477, 10.450847, -5.961120
534, 466, 10.413194, -8.555192
547, 453, 10.357774, -11.820673
557, 443, 10.286304, -14.475783
570, 430, 10.196877, -17.619190
585, 415, 10.090100, -21.250893
601, 399, 9.966986, -25.309855
618, 382, 9.827406, -29.674002
639, 361, 9.665445, -34.984222
661, 339, 9.480639, -40.385998
688, 312, 9.267319, -47.191628
712, 288, 9.027948, -53.051182
740, 260, 8.746705, -60.192513
760, 240, 8.438688, -65.167030
789, 211, 8.087678, -72.308357
817, 183, 7.697437, -79.297096
845, 155, 7.261795, -86.346870
873, 127, 6.782470, -93.488205
894, 106, 6.267996, -98.706871
909, 91, 5.726118, -102.369087
915, 85, 5.167361, -103.833977
928, 72, 4.561075, -107.007904
944, 56, 3.920712, -111.249969
946, 54, 3.275422, -111.524643
954, 46, 2.616420, -113.630417
960, 40, 1.951968, -115.003754
966, 34, 1.281395, -116.621231
963, 37, 0.608124, -115.827751
959, 41, -0.058119, -114.942719
948, 52, -0.712371, -112.196045
935, 65, -1.352943, -108.869537
919, 81, -1.980301, -104.841087
900, 100, -2.621515, -100.080200
873, 127, -3.236103, -93.488205
848, 152, -3.824319, -87.018280
821, 179, -4.383231, -80.426277
791, 209, -4.903296, -72.857689
766, 234, -5.398736, -66.570877
741, 259, -5.856646, -60.467178
708, 292, -6.261140, -52.135628
678, 322, -6.616455, -44.536514
653, 347, -6.933068, -38.371780
622, 378, -7.203441, -30.620075
599, 401, -7.437370, -24.943632
575, 425, -7.628109, -18.839931
562, 438, -7.795829, -15.696524
540, 460, -7.919706, -10.203192
526, 474, -8.002782, -6.663045
518, 482, -8.068067, -4.587787
501, 499, -8.106222, -0.345714
482, 518, -8.118280, 4.506729
466, 534, -8.111487, 8.596210
447, 553, -8.075158, 13.448653
430, 570, -8.011118, 17.507614
418, 582, -7.927064, 20.620502
405, 595, -7.820334, 23.916502
395, 605, -7.695296, 26.357983
394, 606, -7.553493, 26.571613
392, 608, -7.397942, 27.090427
390, 610, -7.231421, 27.517685
388, 612, -7.047978, 28.128056
390, 610, -6.863586, 27.548204
394, 606, -6.675411, 26.571613
388, 612, -6.480713, 28.158575
384, 616, -6.288036, 29.104649
381, 619, -6.100119, 29.837093
376, 624, -5.917244, 31.118870
367, 633, -5.739404, 33.468796
358, 642, -5.554492, 35.544052
346, 654, -5.356508, 38.626423
335, 665, -5.144962, 41.373089
323, 677, -4.918574, 44.333382
306, 694, -4.669118, 48.728050
298, 702, -4.410202, 50.620193
286, 714, -4.137104, 53.641529
271, 729, -3.846115, 57.456341
262, 738, -3.546747, 59.653675
248, 752, -3.227740, 63.010708
236, 764, -2.879349, 66.154121
227, 773, -2.514455, 68.290413
219, 781, -2.138994, 70.487747
209, 791, -1.757183, 72.959747
194, 806, -1.365422, 76.530418
185, 815, -0.957901, 78.849815
177, 823, -0.530580, 80.955597
165, 835, -0.073376, 83.763298
165, 835, 0.389931, 83.946411
173, 827, 0.849611, 81.810112
174, 826, 1.331749, 81.596489
174, 826, 1.822342, 81.718559
180, 820, 2.312842, 80.009521
198, 802, 2.786915, 75.523308
211, 789, 3.253163, 72.288338
217, 783, 3.731833, 70.853973
231, 769, 4.193449, 67.466423
247, 753, 4.624158, 63.315899
249, 751, 5.051454, 62.827602
261, 739, 5.449315, 59.867302
277, 723, 5.816359, 55.838860
273, 727, 6.184636, 56.754417
287, 713, 6.532475, 53.397381
308, 692, 6.847733, 48.026123
322, 678, 7.155355, 44.638565
329, 671, 7.472825, 42.807457
345, 655, 7.773144, 38.840054
357, 643, 8.058004, 35.910275
370, 630, 8.320150, 32.675312
379, 621, 8.561232, 30.386425
387, 613, 8.768164, 28.341686
397, 603, 8.954477, 25.930723
405, 595, 9.130776, 23.855465
413, 587, 9.303870, 21.963318
422, 578, 9.468860, 19.735466
430, 570, 9.620514, 17.629688
436, 564, 9.760305, 16.012209
447, 553, 9.883365, 13.418135
459, 541, 9.992249, 10.427320
466, 534, 10.091694, 8.596210
476, 524, 10.178731, 6.215765
484, 516, 10.249077, 4.079470
498, 502, 10.293736, 0.691916
509, 491, 10.317765, -2.482009
522, 478, 10.317986, -5.747490
536, 464, 10.298836, -9.074007
557, 443, 10.247979, -14.262154
570, 430, 10.179070, -17.588671
592, 408, 10.080214, -23.234596
616, 384, 9.951150, -29.216225
640, 360, 9.791833, -35.136814
663, 337, 9.600647, -40.996368
690, 310, 9.372337, -47.649406
714, 286, 9.106330, -53.722591
736, 264, 8.804571, -59.185402
754, 246, 8.472705, -63.641102
772, 228, 8.086240, -68.157837
786, 214, 7.680833, -71.545395
801, 199, 7.245542, -75.329689
810, 190, 6.790749, -77.557541
820, 180, 6.315069, -80.212646
824, 176, 5.826978, -81.219757
826, 174, 5.336321, -81.677536
821, 179, 4.852590, -80.426277
812, 188, 4.374946, -78.228943
817, 183, 3.883357, -79.480202
819, 181, 3.385912, -79.999016
813, 187, 2.914452, -78.289978
823, 177, 2.438664, -80.945091
835, 165, 1.960977, -83.935913
828, 172, 1.511774, -82.074280
847, 153, 1.051617, -86.957245
863, 137, 0.571266, -90.955162
860, 140, 0.112188, -90.222717
890, 110, -0.389093, -97.638725
887, 113, -0.872269, -96.967316
915, 85, -1.400015, -103.895012
909, 91, -1.925966, -102.460640
914, 86, -2.474808, -103.681381
887, 113, -3.009159, -96.784203
859, 141, -3.548378, -89.795464
811, 189, -4.139702, -77.862732
764, 236, -4.712707, -66.235176
707, 293, -5.241195, -51.921997
658, 342, -5.716553, -39.562000
617, 383, -6.134630, -29.460373
587, 413, -6.462905, -21.891783
560, 440, -6.711845, -15.116672
536, 464, -6.877622, -9.196081
545, 455, -7.013633, -11.362895
536, 464, -7.094218, -9.196081
538, 462, -7.126345, -9.653859
537, 463, -7.142488, -9.348674
533, 467, -7.150453, -8.280526
527, 473, -7.159222, -6.754601
517, 483, -7.167441, -4.465713
512, 488, -7.195752, -3.061861
500, 500, -7.217806, -0.040529
490, 510, -7.229357, 2.614582
472, 528, -7.222736, 7.070284
453, 547, -7.195773, 11.892209
438, 562, -7.155118, 15.615467
421, 579, -7.083433, 19.918577
410, 590, -6.989242, 22.512650
399, 601, -6.864777, 25.411909
395, 605, -6.719928, 26.388502
386, 614, -6.537097, 28.616352
377, 623, -6.338749, 30.996796
371, 629, -6.132537, 32.492203
353, 647, -5.906861, 36.764793
341, 659, -5.676217, 39.786125
322, 678, -5.435331, 44.730122
308, 692, -5.187866, 48.209236
280, 720, -4.914423, 55.167454
258, 742, -4.623794, 60.721821
231, 769, -4.306706, 67.252792
216, 784, -3.969938, 71.159157
200, 800, -3.602148, 75.065529
192, 808, -3.206574, 77.140785
190, 810, -2.785630, 77.690125
192, 808, -2.346705, 77.201828
188, 812, -1.878271, 78.025818
189, 811, -1.411898, 77.781677
187, 813, -0.957511, 78.422562
182, 818, -0.506169, 79.734856
175, 825, -0.052673, 81.291298
176, 824, 0.407816, 81.138710
184, 816, 0.866394, 79.216042
188, 812, 1.319669, 78.178413
188, 812, 1.781230, 78.147888
191, 809, 2.242545, 77.415451
214, 786, 2.692974, 71.647453
215, 785, 3.145759, 71.311745
226, 774, 3.596609, 68.626114
256, 744, 4.005556, 61.118561
259, 741, 4.423570, 60.447155
278, 722, 4.822598, 55.564194
302, 698, 5.179708, 49.552048
306, 694, 5.527544, 48.605976
311, 689, 5.865696, 47.476791
327, 673, 6.169616, 43.387310
341, 659, 6.453474, 39.938717
352, 648, 6.717895, 37.039459
359, 641, 6.972107, 35.299904
367, 633, 7.217170, 33.377239
375, 625, 7.451897, 31.485094
381, 619, 7.678769, 29.867611
390, 610, 7.893909, 27.639759
401, 599, 8.086515, 24.954130
411, 589, 8.260483, 22.451612
422, 578, 8.415819, 19.521835
431, 569, 8.561046, 17.355022
446, 554, 8.697088, 13.570727
461, 539, 8.815593, 9.969543
477, 523, 8.910123, 5.880062
495, 505, 8.978681, 1.302286
514, 486, 9.017209, -3.702750
531, 469, 9.029027, -7.975341
549, 451, 9.013884, -12.461561
572, 428, 8.956134, -18.229561
592, 408, 8.868476, -23.204077
614, 386, 8.742213, -28.636372
627, 373, 8.589581, -31.932371
642, 358, 8.409044, -35.686150
649, 351, 8.211336, -37.364670
660, 340, 7.985789, -40.172371
666, 334, 7.746845, -41.515186
670, 330, 7.488072, -42.735928
682, 318, 7.212653, -45.574146
692, 308, 6.935795, -48.137703
707, 293, 6.649191, -51.921997
722, 278, 6.359690, -55.553699
736, 264, 6.073720, -59.032810
747, 253, 5.780026, -61.809994
755, 245, 5.478375, -63.915775
769, 231, 5.153844, -67.333847
780, 220, 4.808708, -70.233093
790, 210, 4.437844, -72.613541
805, 195, 4.045201, -76.458878
819, 181, 3.633797, -79.754868
824, 176, 3.208803, -81.189240
823, 177, 2.776407, -80.792503
820, 180, 2.312876, -80.151611
822, 178, 1.832154, -80.578873
813, 187, 1.345924, -78.381538
793, 207, 0.880000, -73.376503
793, 207, 0.391304, -73.407021
787, 213, -0.115293, -71.820061
756, 244, -0.574269, -64.190437
761, 239, -1.051708, -65.472214
752, 248, -1.504082, -63.061253
728, 272, -1.916314, -57.079624
731, 269, -2.331430, -57.873108
728, 272, -2.741629, -57.201698
712, 288, -3.121561, -53.142738
703, 297, -3.482497, -50.823330
703, 297, -3.837033, -50.945404
705, 295, -4.177886, -51.433701
702, 298, -4.501766, -50.670738
694, 306, -4.801938, -48.625999
687, 313, -5.085093, -46.825405
681, 319, -5.359650, -45.421555
675, 325, -5.637572, -43.895630
661, 339, -5.904925, -40.416519
646, 354, -6.162661, -36.510151
621, 379, -6.397422, -30.436964
603, 397, -6.625783, -25.798151
585, 415, -6.824858, -21.281412
565, 435, -6.994299, -16.459488
553, 447, -7.142725, -13.316080
540, 460, -7.266490, -10.142155
530, 470, -7.359370, -7.517564
522, 478, -7.400646, -5.594898
518, 482, -7.412436, -4.526750
508, 492, -7.402071, -2.237861
498, 502, -7.367111, 0.691916
490, 510, -7.328108, 2.553545
479, 521, -7.289093, 5.361248
464, 536, -7.236650, 9.145543
447, 553, -7.171297, 13.265542
429, 571, -7.087734, 17.904356
412, 588, -6.985284, 22.085390
392, 608, -6.859325, 27.059910
372, 628, -6.706029, 32.003906
351, 649, -6.527568, 37.344646
330, 670, -6.322452, 42.685383
308, 692, -6.087199, 48.026123
292, 708, -5.827968, 52.176640
278, 722, -5.555758, 55.686268
262, 738, -5.258046, 59.653675
249, 751, -4.940546, 62.888638
242, 758, -4.606582, 64.628197
237, 763, -4.258166, 65.909973
232, 768, -3.890176, 67.039162
228, 772, -3.518913, 68.015747
219, 781, -3.142540, 70.457230
213, 787, -2.761842, 71.983154
201, 799, -2.364365, 74.790863
190, 810, -1.934604, 77.537529
186, 814, -1.493513, 78.636185
186, 814, -1.050270, 78.605667
188, 812, -0.607544, 78.117371
186, 814, -0.160651, 78.666710
184, 816, 0.298106, 79.063446
177, 823, 0.763965, 80.833519
177, 823, 1.230902, 80.772484
189, 811, 1.675635, 77.781677
192, 808, 2.124791, 77.049232
195, 805, 2.615665, 76.438858
223, 777, 3.058840, 69.450119
236, 764, 3.494521, 66.062569
246, 754, 3.932270, 63.529530
284, 716, 4.323210, 54.160343
297, 703, 4.716040, 50.955898
307, 693, 5.099474, 48.300789
336, 664, 5.433109, 41.220493
352, 648, 5.737386, 37.131016
360, 640, 6.023373, 35.025238
364, 636, 6.285028, 34.018124
374, 626, 6.521471, 31.515612
381, 619, 6.739681, 29.928648
391, 609, 6.936701, 27.395611
396, 604, 7.119837, 26.235909
405, 595, 7.284188, 23.855465
410, 590, 7.442321, 22.726280
419, 581, 7.593668, 20.467911
427, 573, 7.737554, 18.362133
438, 562, 7.868874, 15.584949
450, 550, 7.981301, 12.533097
461, 539, 8.074777, 9.969543
468, 532, 8.152328, 8.168951
478, 522, 8.210145, 5.605395
492, 508, 8.250660, 2.187323
499, 501, 8.285877, 0.478286
509, 491, 8.301971, -2.298898
518, 482, 8.310831, -4.648824
529, 471, 8.300959, -7.456527
541, 459, 8.278137, -10.355784
550, 450, 8.242606, -12.736228
557, 443, 8.197166, -14.414746
563, 437, 8.140874, -15.910154
572, 428, 8.066975, -18.107487
576, 424, 7.982633, -19.084080
580, 420, 7.886653, -20.182745
590, 410, 7.774768, -22.654743
595, 405, 7.655156, -23.783930
604, 396, 7.515634, -26.011780
611, 389, 7.362352, -27.873409
619, 381, 7.194393, -29.826595
634, 366, 7.010434, -33.580376
648, 352, 6.814049, -37.090000
670, 330, 6.579864, -42.613853
688, 312, 6.342893, -47.130592
712, 288, 6.083164, -53.081699
734, 266, 5.799488, -58.727627
759, 241, 5.487912, -64.983917
786, 214, 5.145426, -71.545395
810, 190, 4.775630, -77.649101
835, 165, 4.363140, -83.844353
851, 149, 3.913110, -87.964355
862, 138, 3.429801, -90.680496
868, 132, 2.919696, -92.236946
871, 129, 2.388643, -92.877831
878, 122, 1.818333, -94.708946
878, 122, 1.237650, -94.739464
871, 129, 0.664764, -92.938866
871, 129, 0.084177, -92.969391
865, 135, -0.484487, -91.260353
862, 138, -1.060547, -90.588943
849, 151, -1.616814, -87.262428
842, 158, -2.160831, -85.583908
826, 174, -2.679669, -81.647018
815, 185, -3.182612, -78.869835
799, 201, -3.736846, -74.932953
785, 215, -4.211975, -71.423317
759, 241, -4.657088, -64.922882
749, 251, -5.109369, -62.298290
718, 282, -5.522722, -54.516071
699, 301, -5.855024, -49.785698
686, 314, -6.165063, -46.550739
643, 357, -6.427913, -35.899780
629, 371, -6.676988, -32.390152
616, 384, -6.915579, -29.155188
590, 410, -7.111356, -22.593706
567, 433, -7.274216, -16.825710
546, 454, -7.394853, -11.668080
538, 462, -7.498644, -9.684378
522, 478, -7.578201, -5.594898
505, 495, -7.635812, -1.413862
486, 514, -7.671818, 3.713248
470, 530, -7.691929, 7.741691
457, 543, -7.690192, 10.763024
448, 552, -7.666134, 13.082431
445, 555, -7.632946, 13.784356
446, 554, -7.592461, 13.601246
447, 553, -7.532969, 13.326579
447, 553, -7.462397, 13.448653
447, 553, -7.384306, 13.296061
452, 548, -7.306559, 12.105839
449, 551, -7.218350, 12.868801
453, 547, -7.135354, 11.831172
451, 549, -7.051877, 12.349986
446, 554, -6.971859, 13.601246
432, 568, -6.877858, 17.171911
424, 576, -6.787386, 19.033541
413, 587, -6.699748, 21.993837
399, 601, -6.602543, 25.411909
387, 613, -6.482948, 28.463760
377, 623, -6.347215, 30.874722
366, 634, -6.185167, 33.529831
355, 645, -5.993349, 36.368053
349, 651, -5.787421, 37.832943
340, 660, -5.567099, 40.243900
332, 668, -5.334050, 42.105534
320, 680, -5.080842, 45.248936
309, 691, -4.811678, 47.781975
294, 706, -4.527400, 51.657825
282, 718, -4.231814, 54.618122
271, 729, -3.925596, 57.334267
262, 738, -3.608241, 59.714714
253, 747, -3.260598, 61.759453
250, 750, -2.907707, 62.705524
240, 760, -2.542509, 65.238571
236, 764, -2.180643, 66.062569
234, 766, -1.823024, 66.581383
234, 766, -1.440144, 66.581383
233, 767, -1.039621, 66.947609
233, 767, -0.623844, 66.886566
240, 760, -0.207170, 65.208046
248, 752, 0.196750, 63.163303
259, 741, 0.586627, 60.355598
272, 728, 0.960513, 57.090118
277, 723, 1.327386, 55.960934
279, 721, 1.688424, 55.411602
284, 716, 2.058311, 54.190865
294, 706, 2.387023, 51.718861
300, 700, 2.698474, 50.162418
304, 696, 2.999401, 49.063755
314, 686, 3.285922, 46.713825
321, 679, 3.563265, 44.974270
330, 670, 3.841846, 42.593830
342, 658, 4.109893, 39.664051
354, 646, 4.366916, 36.642719
363, 637, 4.612390, 34.323311
367, 633, 4.847790, 33.377239
377, 623, 5.060099, 30.996796
383, 617, 5.259630, 29.379316
392, 608, 5.453332, 27.120947
400, 600, 5.644246, 25.076204
413, 587, 5.821616, 21.780207
423, 577, 5.985072, 19.338726
435, 565, 6.126800, 16.408949
446, 554, 6.251513, 13.601246
456, 544, 6.365014, 11.220801
463, 537, 6.469272, 9.328654
467, 533, 6.569257, 8.443617
469, 531, 6.651819, 7.802728
472, 528, 6.716404, 7.161839
477, 523, 6.765726, 5.971618
474, 526, 6.809852, 6.643025
482, 518, 6.844014, 4.689840
491, 509, 6.873796, 2.461989
500, 500, 6.894405, 0.203619
511, 489, 6.908360, -2.970305
533, 467, 6.901433, -8.433119
548, 452, 6.880243, -12.247932
557, 443, 6.854004, -14.445265
570, 430, 6.803577, -17.619190
582, 418, 6.727092, -20.610004
591, 409, 6.625685, -22.776817
597, 403, 6.504264, -24.272226
602, 398, 6.353050, -25.706594
604, 396, 6.193285, -26.072817
609, 391, 6.020318, -27.446150
612, 388, 5.844404, -28.087038
617, 383, 5.659464, -29.490891
626, 374, 5.457023, -31.535631
638, 362, 5.259492, -34.526443
650, 350, 5.052745, -37.547779
661, 339, 4.841851, -40.385998
672, 328, 4.620995, -43.224224
684, 316, 4.382204, -46.092960
694, 306, 4.125595, -48.534443
704, 296, 3.850808, -51.067478
715, 285, 3.557251, -53.814144
730, 270, 3.240371, -57.720512
741, 259, 2.909593, -60.253548
754, 246, 2.561484, -63.732662
762, 238, 2.204985, -65.594284
769, 231, 1.837092, -67.394882
778, 222, 1.453585, -69.622726
785, 215, 1.053473, -71.392799
790, 210, 0.646688, -72.735619
791, 209, 0.240559, -72.857689
788, 212, -0.161784, -72.125244
783, 217, -0.569345, -70.935020
778, 222, -0.997961, -69.622726
771, 229, -1.432736, -67.974724
752, 248, -1.846396, -63.030735
737, 263, -2.250923, -59.307476
723, 277, -2.647655, -55.950439
704, 296, -3.041594, -51.067478
674, 326, -3.393166, -43.651482
653, 347, -3.714616, -38.310741
634, 366, -4.010317, -33.641411
620, 380, -4.278630, -30.162296
609, 391, -4.511507, -27.385115
595, 405, -4.703760, -23.844967
580, 420, -4.856944, -20.091188
571, 429, -4.983759, -17.802301
559, 441, -5.084040, -14.964080
551, 449, -5.162530, -12.888821
541, 459, -5.225045, -10.325266
530, 470, -5.275982, -7.517564
518, 482, -5.315730, -4.526750
504, 496, -5.343337, -1.200232
497, 503, -5.364799, 0.813990
484, 516, -5.366573, 4.079470
476, 524, -5.352972, 6.215765
465, 535, -5.323169, 8.992950
457, 543, -5.280751, 10.885098
449, 551, -5.225793, 12.899320
442, 558, -5.162725, 14.638875
438, 562, -5.089546, 15.584949
437, 563, -5.012899, 15.981689
431, 569, -4.926083, 17.263466
429, 571, -4.832400, 17.843319
426, 574, -4.725826, 18.575764
428, 572, -4.599280, 18.179022
428, 572, -4.480230, 18.026430
417, 583, -4.336567, 20.864651
408, 592, -4.185485, 23.000946
393, 607, -4.023702, 26.815762
374, 626, -3.850619, 31.546129
360, 640, -3.658431, 35.177830
342, 658, -3.444424, 39.603012
330, 670, -3.203141, 42.502274
319, 681, -2.935396, 45.432049
310, 690, -2.631890, 47.507309
308, 692, -2.322190, 48.178715
303, 697, -1.997534, 49.368938
302, 698, -1.650060, 49.735157
307, 693, -1.319190, 48.483902
307, 693, -0.983244, 48.453384
311, 689, -0.646157, 47.415752
307, 693, -0.308869, 48.392345
309, 691, 0.011952, 47.873531
311, 689, 0.319138, 47.476791
314, 686, 0.623270, 46.652790
324, 676, 0.915910, 44.211308
331, 669, 1.220832, 42.288643
345, 655, 1.505530, 38.840054
351, 649, 1.779616, 37.466721
356, 644, 2.044326, 36.215458
354, 646, 2.303905, 36.642719
358, 642, 2.546063, 35.727161
352, 648, 2.783426, 37.069977
363, 637, 3.009459, 34.292793
373, 627, 3.229845, 31.881834
382, 618, 3.464718, 29.501390
383, 617, 3.709987, 29.287760
395, 605, 3.940970, 26.296946
405, 595, 4.156260, 23.824947
421, 579, 4.342838, 19.918577
432, 568, 4.515613, 17.080355
442, 558, 4.671110, 14.638875
454, 546, 4.808389, 11.587024
465, 535, 4.924831, 8.779321
474, 526, 5.022267, 6.581988
481, 519, 5.094328, 4.811914
493, 507, 5.137336, 1.912656
500, 500, 5.167590, 0.051027
511, 489, 5.172190, -2.848231
516, 484, 5.161098, -4.099491
530, 470, 5.124430, -7.609119
542, 458, 5.058320, -10.691488
554, 446, 4.974699, -13.621265
567, 433, 4.872310, -16.856228
581, 419, 4.751571, -20.304819
589, 411, 4.619534, -22.349558
598, 402, 4.469766, -24.607929
607, 393, 4.304743, -26.774744
619, 381, 4.115444, -29.887632
624, 376, 3.920870, -31.230446
639, 361, 3.708354, -34.892666
658, 342, 3.477919, -39.623035
673, 327, 3.231914, -43.315777
684, 316, 2.975448, -46.153999
691, 309, 2.707711, -47.863037
690, 310, 2.431087, -47.649406
687, 313, 2.132129, -46.825405
689, 311, 1.820904, -47.283184
691, 309, 1.498086, -47.924072
683, 317, 1.193597, -45.879330
676, 324, 0.907790, -44.078743
674, 326, 0.610140, -43.590446
677, 323, 0.293278, -44.353405
671, 329, -0.027178, -42.949554
666, 334, -0.355518, -41.576221
654, 346, -0.660489, -38.646446
644, 356, -0.958157, -36.113407
632, 368, -1.246543, -33.244671
621, 379, -1.525307, -30.314890
602, 398, -1.793692, -25.706594
590, 410, -2.037493, -22.624226
573, 427, -2.237439, -18.321115
573, 427, -2.420326, -18.443190
570, 430, -2.581670, -17.680227
560, 440, -2.696972, -15.238746
554, 446, -2.790739, -13.529710
551, 449, -2.874421, -12.919339
552, 448, -2.959471, -13.163487
545, 455, -3.034189, -11.393414
540, 460, -3.107547, -10.233710
535, 465, -3.174086, -8.951933
530, 470, -3.234282, -7.700675
529, 471, -3.285764, -7.334453
523, 477, -3.322395, -5.991638
518, 482, -3.336024, -4.618305
517, 483, -3.344720, -4.343638
503, 497, -3.333049, -0.834010
495, 505, -3.321763, 1.393841
479, 521, -3.296588, 5.361248
464, 536, -3.255242, 9.176062
450, 550, -3.208994, 12.655171
442, 558, -3.151410, 14.638875
433, 567, -3.074094, 16.866726
423, 577, -2.976734, 19.369246
416, 584, -2.865887, 21.078281
404, 596, -2.733811, 24.069096
393, 607, -2.585886, 26.907316
377, 623, -2.419725, 30.966278
370, 630, -2.244661, 32.522720
361, 639, -2.049539, 34.933681
361, 639, -1.832544, 34.933681
360, 640, -1.603649, 35.147312
361, 639, -1.363887, 34.964199
357, 643, -1.101745, 35.818718
356, 644, -0.839181, 36.154423
354, 646, -0.580133, 36.581680
348, 652, -0.318097, 38.168644
343, 657, -0.060881, 39.450420
334, 666, 0.197086, 41.678272
334, 666, 0.453151, 41.556198
333, 667, 0.721463, 41.769829
330, 670, 1.002440, 42.746422
333, 667, 1.279884, 41.952938
337, 663, 1.563413, 40.854271
338, 662, 1.834431, 40.549088
345, 655, 2.101779, 38.901089
352, 648, 2.361495, 37.161533
363, 637, 2.609457, 34.353828
369, 631, 2.859956, 32.888943
370, 630, 3.103912, 32.614277
375, 625, 3.333956, 31.454573
387, 613, 3.531952, 28.433241
401, 599, 3.710248, 24.923613
416, 584, 3.890646, 21.200356
434, 566, 4.058711, 16.653097
449, 551, 4.214243, 12.777246
468, 532, 4.358675, 8.107914
480, 520, 4.481904, 5.086581
488, 512, 4.578722, 3.041841
489, 511, 4.662048, 2.980804
483, 517, 4.713017, 4.384655
475, 525, 4.763541, 6.337840
477, 523, 4.807518, 5.819025
480, 520, 4.855900, 5.147618
494, 506, 4.897921, 1.699026
500, 500, 4.925418, -0.193121
510, 490, 4.938376, -2.634602
519, 481, 4.926604, -4.984527
529, 471, 4.885201, -7.364971
540, 460, 4.836950, -10.081118
548, 452, 4.777779, -12.247932
561, 439, 4.703914, -15.330301
573, 427, 4.619856, -18.321115
586, 414, 4.523961, -21.525560
598, 402, 4.416223, -24.730003
605, 395, 4.305171, -26.286448
612, 388, 4.182570, -28.239632
613, 387, 4.049499, -28.483780
616, 384, 3.907248, -29.124668
621, 379, 3.746670, -30.467482
623, 377, 3.578373, -30.833704
632, 368, 3.393934, -33.122597
637, 363, 3.207972, -34.312817
646, 354, 3.019013, -36.693260
658, 342, 2.819662, -39.745110
673, 327, 2.613158, -43.254742
688, 312, 2.397370, -47.039036
702, 298, 2.166377, -50.609699
713, 287, 1.918533, -53.478443
723, 277, 1.653360, -55.889400
728, 272, 1.371361, -57.171181
734, 266, 1.042083, -58.605553
733, 267, 0.694087, -58.300365
726, 274, 0.331861, -56.621845
710, 290, -0.024533, -52.532368
697, 303, -0.376781, -49.450001
678, 322, -0.728586, -44.567036
662, 338, -1.061935, -40.538593
646, 354, -1.373670, -36.571186
635, 365, -1.659079, -33.855042
625, 375, -1.928278, -31.291483
614, 386, -2.153426, -28.575335
605, 395, -2.363457, -26.347485
595, 405, -2.557947, -23.844967
584, 416, -2.732085, -21.159338
572, 428, -2.884856, -18.138004
557, 443, -3.021850, -14.445265
549, 451, -3.151548, -12.492080
539, 461, -3.271973, -9.989562
527, 473, -3.372274, -6.937712
514, 486, -3.455327, -3.580676
502, 498, -3.516267, -0.528825
486, 514, -3.547256, 3.743767
477, 523, -3.565527, 5.757988
469, 531, -3.567298, 7.863765
467, 533, -3.560872, 8.260507
466, 534, -3.530821, 8.535172
466, 534, -3.487888, 8.657247
465, 535, -3.431756, 8.870876
466, 534, -3.368898, 8.565691
461, 539, -3.293951, 9.877987
453, 547, -3.210027, 11.831172
445, 555, -3.122373, 13.936949
437, 563, -3.029147, 15.951172
426, 574, -2.927849, 18.545244
420, 580, -2.817676, 20.193243
414, 586, -2.686002, 21.658133
409, 591, -2.536942, 22.817835
401, 599, -2.367385, 24.984650
401, 599, -2.193999, 24.771019
394, 606, -2.007908, 26.632650
389, 611, -1.812985, 27.944944
380, 620, -1.608576, 30.081240
368, 632, -1.395411, 33.133091
364, 636, -1.183206, 34.109680
350, 650, -0.963664, 37.588795
341, 659, -0.736426, 39.816643
335, 665, -0.506204, 41.464642
329, 671, -0.274131, 42.807457
325, 675, -0.031184, 43.875607
323, 677, 0.218492, 44.485973
327, 673, 0.469982, 43.448349
332, 668, 0.737058, 42.013977
336, 664, 1.000841, 41.159458
338, 662, 1.262800, 40.671162
340, 660, 1.519806, 40.182865
340, 660, 1.765433, 40.152348
337, 663, 1.990888, 40.762718
340, 660, 2.199381, 40.091309
347, 653, 2.393625, 38.260201
357, 643, 2.580233, 35.757683
369, 631, 2.762520, 32.980499
374, 626, 2.969916, 31.637686
381, 619, 3.172995, 29.837093
390, 610, 3.365074, 27.517685
398, 602, 3.543639, 25.595020
407, 593, 3.705098, 23.428205
417, 583, 3.855045, 20.834133
433, 567, 3.986416, 16.805691
443, 557, 4.111714, 14.333690
458, 542, 4.224204, 10.701987
465, 535, 4.331778, 8.840358
472, 528, 4.427059, 7.009247
475, 525, 4.510942, 6.398877
477, 523, 4.579972, 5.880062
485, 515, 4.629569, 3.896359
485, 515, 4.671869, 3.774285
488, 512, 4.702364, 3.072359
487, 513, 4.730974, 3.499619
486, 514, 4.751428, 3.743767
483, 517, 4.767746, 4.384655
488, 512, 4.769909, 3.163915
495, 505, 4.761324, 1.302286
502, 498, 4.747140, -0.528825
511, 489, 4.725549, -2.817713
519, 481, 4.696596, -4.984527
533, 467, 4.652351, -8.433119
548, 452, 4.591785, -12.217414
562, 438, 4.520467, -15.635487
575, 425, 4.438300, -18.809412
585, 415, 4.345060, -21.403486
592, 408, 4.241568, -23.020966
597, 403, 4.129960, -24.424818
601, 399, 4.008112, -25.401409
606, 394, 3.872294, -26.652670
608, 392, 3.741302, -27.110447
608, 392, 3.611379, -27.140966
609, 391, 3.476859, -27.415632
610, 390, 3.340160, -27.537704
610, 390, 3.206112, -27.568224
609, 391, 3.071955, -27.385115
613, 387, 2.933352, -28.392223
615, 385, 2.789401, -28.911039
625, 375, 2.630342, -31.474592
633, 367, 2.465120, -33.488819
643, 357, 2.286035, -35.930298
651, 349, 2.099173, -37.761410
654, 346, 1.902055, -38.524372
655, 345, 1.674754, -38.921112
648, 352, 1.439057, -37.059483
641, 359, 1.194175, -35.442001
633, 367, 0.938519, -33.305706
614, 386, 0.691419, -28.636372
595, 405, 0.435811, -23.936522
580, 420, 0.196209, -20.213263
566, 434, -0.018435, -16.581562
555, 445, -0.209165, -13.956968
548, 452, -0.369366, -12.156377
547, 453, -0.484329, -11.851192
549, 451, -0.577296, -12.278451
550, 450, -0.648424, -12.553117
552, 448, -0.704367, -13.224524
555, 445, -0.749089, -13.834894
554, 446, -0.781690, -13.621265
555, 445, -0.815459, -13.773857
554, 446, -0.849256, -13.651784
553, 447, -0.884726, -13.438154
552, 448, -0.920585, -13.102450
541, 459, -0.958683, -10.294747
533, 467, -0.997586, -8.311045
526, 474, -1.037457, -6.632527
517, 483, -1.074166, -4.496231
511, 489, -1.107445, -2.787194
503, 497, -1.137356, -0.956084
500, 500, -1.159151, 0.142582
495, 505, -1.172266, 1.485397
492, 508, -1.176161, 2.187323
489, 511, -1.171204, 2.889248
485, 515, -1.156516, 3.774285
479, 521, -1.130039, 5.330729
470, 530, -1.088444, 7.528061
461, 539, -1.046548, 9.816950
452, 548, -1.002801, 12.075320
451, 549, -0.957690, 12.411023
443, 557, -0.900083, 14.333690
433, 567, -0.827457, 16.897243
428, 572, -0.747735, 18.026430
418, 582, -0.658175, 20.742577
410, 590, -0.559540, 22.512650
403, 597, -0.451750, 24.282724
403, 597, -0.333755, 24.496355
394, 606, -0.204792, 26.541094
386, 614, -0.057502, 28.555315
382, 618, 0.094455, 29.684502
379, 621, 0.253444, 30.355907
377, 623, 0.424045, 30.752647
376, 624, 0.603299, 31.088352
381, 619, 0.784981, 29.989685
382, 618, 0.969897, 29.501390
387, 613, 1.155815, 28.280649
389, 611, 1.349656, 27.822870
390, 610, 1.545039, 27.639759
393, 607, 1.732442, 26.937836
391, 609, 1.920939, 27.395611
392, 608, 2.100741, 27.120947
393, 607, 2.277984, 26.998873
396, 604, 2.450428, 26.235909
395, 605, 2.623417, 26.327465
390, 610, 2.798869, 27.548204
388, 612, 2.973599, 28.005981
381, 619, 3.144163, 29.898129
379, 621, 3.306698, 30.386425
376, 624, 3.469046, 31.088352
377, 623, 3.628123, 30.844204
377, 623, 3.791685, 30.844204
384, 616, 3.964804, 29.043612
396, 604, 4.128253, 26.235909
400, 600, 4.291948, 25.015167
404, 596, 4.454972, 24.008059
415, 585, 4.600335, 21.291910
421, 579, 4.735311, 19.765984
430, 570, 4.857032, 17.507614
434, 566, 4.970176, 16.500505
445, 555, 5.073220, 13.814875
453, 547, 5.165363, 11.953246
462, 538, 5.255734, 9.694876
467, 533, 5.343468, 8.260507
479, 521, 5.414551, 5.361248
488, 512, 5.478908, 3.194433
500, 500, 5.522120, -0.132084
508, 492, 5.559515, -2.085269
519, 481, 5.582964, -4.801416
538, 462, 5.573494, -9.592822
549, 451, 5.549988, -12.492080
568, 432, 5.498941, -17.100374
581, 419, 5.427674, -20.304819
602, 398, 5.326058, -25.584520
622, 378, 5.196097, -30.742149
643, 357, 5.040566, -35.777706
666, 334, 4.855382, -41.728813
688, 312, 4.642623, -47.222145
715, 285, 4.395209, -53.844666
738, 262, 4.115469, -59.612663
760, 240, 3.805648, -65.228065
784, 216, 3.465112, -71.087616
805, 195, 3.096407, -76.275764
826, 174, 2.690887, -81.524948
846, 154, 2.250110, -86.682579
853, 147, 1.790605, -88.483170
852, 148, 1.334520, -88.055908
843, 157, 0.874298, -85.950134
832, 168, 0.365333, -83.081390
813, 187, -0.159505, -78.351021
769, 231, -0.656409, -67.303322
727, 273, -1.133318, -56.927032
693, 307, -1.585298, -48.381851
647, 353, -1.997270, -36.906891
621, 379, -2.358488, -30.375927
605, 395, -2.665067, -26.286448
589, 411, -2.912587, -22.441114
577, 423, -3.073129, -19.358746
570, 430, -3.174124, -17.619190
567, 433, -3.255393, -16.856228
553, 447, -3.316559, -13.346599
537, 463, -3.367976, -9.348674
